Event,Platform,Views,Likes,Comments,Reposts,Date
Xbox Games Showcase,YT,996000,6700,478,, 2 Weeks Ago
Xbox Games Showcase,TWITTER,4000000,51000,2000,10000, 2 Weeks Ago
Xbox Games Showcase,REDDIT,,1200,545,, 2 Weeks Ago
Xbox Games Showcase,FACEBOOK,,23000,2700,, 2 Weeks Ago
Xbox Games Showcase,INSTAGRAM,,,2900,, 2 Weeks Ago
State of Play,YT,1900000,56000,9081,,3 Weeks Ago
State of Play,TWITTER,574000,4000,490,504,3 Weeks Ago
State of Play,REDDIT,,1200,545,,3 Weeks Ago
State of Play,FACEBOOK,,3300,329,,3 Weeks Ago
State of Play,INSTAGRAM,,,593,,3 Weeks Ago
