Event,Platform,Username,Comments,Likes,Date,Hour,Sub Comments,Sentiment,Emotion,Most Common Keyword
State of Play,Instagram,@_.cristian._2005,Yoooooo,2,2024-05-31 00:00:00,10 PM,0,Positive,Happy,
State of Play,Instagram,@_.cristian._2005,Awesome????,0,2024-06-01 20:30:09,8 PM,0,Positive,Happy,
State of Play,Instagram,@_.s.h.a.r.a.n,Will it be free though,0,2024-05-31 00:00:00,9 AM,0,Positive,Happy,
State of Play,Instagram,@_angelvaldez_31,"In short words, nothing interesting",102,2024-05-31 00:00:00,2 AM,12,Negative,Angry,
State of Play,Instagram,@_avci_oglu_,Well Done?,0,21/06/2024,2 AM,0,Positive,Happy,
State of Play,Instagram,@_c.castillo_,So when are we seeing something that is worth getting excited for?,4,2024-05-31 00:00:00,2 AM,0,Negative,Sad,
State of Play,Instagram,@_dinkstagram_,@crackkennedy Actual xbot NPC lmao,0,2024-05-31 17:30:13,5 PM,0,Positive,Happy,
State of Play,Instagram,@_gccz,Didn't like it,0,21/06/2024,12 PM,0,Negative,Angry,
State of Play,Instagram,@_geghart_,@jacksonpoole13 oh jack you gay little thing. For the past 4 years since 2020 our expectations have been lower then every gaming consoles exclusives and deals. Let alone offbrand indie games for almost 2 years now being displayed like it's ps3 days,0,02/06/2024,4 PM,0,Positive,Happy,
State of Play,Instagram,@_karibay_,"@crackkennedy while you play gta 4 on your Xbox, we will be playing gta 6 next year",0,2024-05-31 00:00:00,8 AM,0,Negative,Fear,Xbox
State of Play,Instagram,@_kritikosss,Yeah ngl as someone who has had both Xbox and ps consoles through all the new generation phill spencers long term strategy of buying studios is actually starting to pay off while the damage that Jim Ryan did to PlayStation is only now starting to show Xbox has 3 huge exclusives this year while Sony has nothing we REALLY need a September ps showcase with amazing games,0,2024-05-31 00:00:00,6 AM,0,Negative,Fear,Xbox
State of Play,Instagram,@_matness,PSVR2 Support for Astrobot please!,0,2024-05-31 00:00:00,9 AM,0,Positive,Happy,Call of Duty
State of Play,Instagram,@_misak_cz,What is the price of astro bot?,0,02/06/2024,11 AM,0,Positive,Happy,Astro Bot
State of Play,Instagram,@_mxhdsxdiq_,will astro bot be free,0,2024-06-01 08:54:06,8 AM,0,Positive,Happy,Astro Bot
State of Play,Instagram,@_pg_eme_,No Wolverine ?,5,2024-05-31 00:00:00,3 AM,0,Negative,Sad,Wolverine
State of Play,Instagram,@_ssj03agg,A new play room let's go,0,2024-05-31 00:00:00,6 AM,0,Positive,Happy,Astro Bot
State of Play,Instagram,@08c0nant,Why not wait till you have more to show before blowing your load on a little ass showcase?,0,2024-05-31 00:00:00,4 AM,0,Negative,Angry,Showcase
State of Play,Instagram,@0mr4an,trash after trash 4 years ago they didnt make any enthusiastic games,0,2024-05-31 00:00:00,8 AM,0,Negative,Angry,
State of Play,Instagram,@1_lucky_jd,How come I can't play Astro Bot on PS4 pro? And got a ps4 pro game console because it would have advantages etc. But seems pc would have been a better choice?,0,2024-05-31 00:00:00,10 AM,0,Positive,Happy,Game
State of Play,Instagram,@1madpanda,@overqualifications yeah man xbox lost. Go ahead and enjoy your state of play games. Can't talk too busy enjoying my game pass,0,03/06/2024,5 AM,0,Positive,Happy,Xbox
State of Play,Instagram,@236451o,I love you ?,0,2024-06-01 04:14:53,4 AM,0,Positive,Happy,
State of Play,Instagram,@7thwardflayer,Can y’all pls bring little big planet back rather play than this,0,07/06/2024,6 PM,0,Negative,Sad,Little Big Planet
State of Play,Instagram,@accountino.ir,There are more important games than these?,0,2024-06-01 09:41:10,9 AM,0,Negative,Sad,
State of Play,Instagram,@ajclank94,Boy to your guys state of play always blow,0,2024-05-31 00:00:00,6 AM,0,Positive,Surprise,State Of Play
State of Play,Instagram,@al.kizoku,Create a region of Kazakhstan on PlayStation,0,2024-05-31 00:00:00,7 AM,0,Positive,Happy,Playstation
State of Play,Instagram,@al.staples,Homie wtf was this line up,0,2024-06-01 05:52:26,5 AM,0,Negative,Sad,
State of Play,Instagram,@alan16.garcia,Cringe???,0,2024-06-01 01:19:50,1 AM,0,Negative,Happy,
State of Play,Instagram,@alibhai_456,Xbox… why? I thought we trusted you… why did you betray us?,0,22/06/2024,2 PM,0,Negative,Fear,Xbox
State of Play,Instagram,@alihanb_,"Hell yeah, more Astro Bot",0,2024-05-31 00:00:00,6 AM,0,Positive,Happy,Astro Bot
State of Play,Instagram,@alongcomesandy,Yes!!!! ,0,2024-05-31 00:00:00,8 AM,0,Positive,Happy,
State of Play,Instagram,@andreeliziario,"Provavelmente não vão ler mas escreverei  mesmo assim, eu brasileiro ainda tenho meu XBOX360 queria muito ter a oportunidade de comprar jogos que sempre estiveram bloqueados por região antes que tudo acabe ? como Perfect Dark, Daytona USA e Afterburner Climax pois fizeram parte da minha infância e queria tê-los será que existe uma chance deles aparecerem no marketplace @xbox ?",0,21/06/2024,6 AM,0,Negative,Sad,Xbox
State of Play,Instagram,@anthony.reavis53,Xbox I love you but don't display your logo as supporting as a particular movement because not everyone agrees with it so please keep it simple so it doesn't trigger people,0,21/06/2024,2 AM,0,Positive,Happy,Xbox
State of Play,Instagram,@anthonyxjamal,"Instant cop on astro bot, yall trippin. demo was mad fun",0,2024-05-31 00:00:00,3 AM,0,Positive,Happy,Astro Bot
State of Play,Instagram,@arcadianwind,"bro said ""until down""",4,2024-05-31 00:00:00,3 AM,0,Positive,Happy,
State of Play,Instagram,@arez.c.mziry,Is fc 24 coming to game pass???,0,21/06/2024,1 AM,0,Positive,Surprise,Game
State of Play,Instagram,@argonath2008,The only new game : Astrobot ??,0,2024-05-31 17:19:31,5 PM,0,Positive,Happy,Game
State of Play,Instagram,@arman.modiri,Wow,6,2024-05-31 00:00:00,2 AM,0,Positive,Surprise,
State of Play,Instagram,@aye_aye_vlad,Xbox you nailed it. Now I need to get my series X. You deserve my cash ?,0,21/06/2024,9 PM,0,Positive,Happy,Xbox
State of Play,Instagram,@azizrdx11,Awesome ????????????????,0,2024-06-01 20:23:41,8 PM,0,Positive,Surprise,
State of Play,Instagram,@be_380000,How a demo became the playstation mascot,0,2024-05-31 00:00:00,3 AM,0,Positive,Happy,Playstation
State of Play,Instagram,@benedikt.goetz,state of decay 3!!!! yeeees,4,21/06/2024,11 AM,0,Negative,Sad,State Of Decay 3
State of Play,Instagram,@bethoven_9067,@cris_torres_x does it hurt you?,0,05/06/2024,5 PM,0,Negative,Sad,
State of Play,Instagram,@bigsparky1316,Man this state of play was shit man! Can we get the Orgiinal Resident Evil 2 and 3 from PS1 on PSN or PS+? @playstation,0,2024-05-31 00:00:00,4 AM,0,Positive,Surprise,Playstation
State of Play,Instagram,@blindsxde,Can't wait to play more astro bot,0,2024-05-31 00:00:00,6 AM,0,Negative,Angry,Astro Bot
State of Play,Instagram,@bloodstonemajesty,Definitely excited for Astro Bot!!,0,2024-05-31 00:00:00,4 AM,0,Negative,Sad,Astro Bot
State of Play,Instagram,@borroz2006,the astro bot sequel ? I'm so excited to play it,2,2024-05-31 00:00:00,3 AM,0,Negative,Sad,Astro Bot
State of Play,Instagram,@brawl2n,"Xbox ? , Gaybox ??",0,22/06/2024,4 PM,0,Positive,Happy,Xbox
State of Play,Instagram,@brunosantos200206,When's is the summer game fest?,1,2024-05-31 00:00:00,4 PM,1,Positive,Happy,Game
State of Play,Instagram,@buttercakeluv,Astro carried most of the  remaining games remind me of overwatch,0,2024-05-31 00:00:00,5 AM,0,Positive,Happy,Astro Bot
State of Play,Instagram,@cambooey,Wait??? THEY DIDNT ANNOUNCE GTA 6?????,0,2024-05-31 00:00:00,3 AM,0,Neutral,Surprise,GTA 6
State of Play,Instagram,@chaudhrybilalnadeem,Concord ?,0,04/06/2024,10 AM,0,Positive,Happy,Concord
State of Play,Instagram,@chivanojs,This was lowkey boring,0,2024-05-31 00:00:00,5 AM,0,Negative,Sad,Boring
State of Play,Instagram,@chrisbacklog,"Only game I'm excited about.  Hopefully you guys are developing a sequel as well to sackboy a big adventure, that game was awesome, loved it's soundtrack too.  Looking forward to astro bot",5,2024-05-31 00:00:00,3 AM,0,Negative,Fear,Game
State of Play,Instagram,@ciprian.luca212,"@_karibay_ it’s not about that, the experience of PS5 controller is something else for every game, Im glad that PC gamers will experience God of War Ragnarok, it was amazing. And on PC im using 4080ti and I7 14700k and still got some frames on ultra when ",0,03/06/2024,4 AM,0,Positive,Surprise,Game
State of Play,Instagram,@coriander_rice,At least there was Astro Bot!,188,2024-05-31 00:00:00,2 AM,0,Positive,Happy,Astro Bot
State of Play,Instagram,@cowboylou55,Change the logo back,0,22/06/2024,1 PM,0,Negative,Happy,
State of Play,Instagram,@crackkennedy,"@_dinkstagram_ only NPCs use the words ""NPC"" Crikey mate",0,2024-06-01 00:51:48,12 AM,0,Neutral,Angry,
State of Play,Instagram,@crackkennedy,"@_ish_ahm_ ""console war Andy"" yeah I can tell your day to day basis revolves around twitch lmao, don't bother replying loser",0,2024-06-01 00:55:17,12 AM,0,Positive,Happy,Console
State of Play,Instagram,@cris_torres_x,Stop bringing exclusives to PC,175,2024-05-31 00:00:00,3 AM,23,Negative,Sad,PC
State of Play,Instagram,@cxllum_rfc,I can't wait for this ,0,2024-05-31 00:00:00,10 AM,0,Neutral,Angry,
State of Play,Instagram,@dah_miciest_spemer,BOOOOOO do better PlayStation,0,2024-06-01 11:59:16,11 AM,0,Positive,Happy,Playstation
State of Play,Instagram,@daily_nerdasm,The only good thing were the Astrobots,2,2024-05-31 00:00:00,10 AM,0,Positive,Happy,Astro Bot
State of Play,Instagram,@danial.behi,If you are done porting games for pc start announcing something good,0,2024-05-31 00:00:00,8 AM,0,Positive,Happy,PC
State of Play,Instagram,@danieldavis989,"Wow, isn't it crazy the amount of exclusives you can have if you just buy everybody",3,21/06/2024,8 PM,0,Positive,Surprise,
State of Play,Instagram,@danteloc,PlayStation fell off. That was terrible,0,2024-05-31 00:00:00,3 AM,0,Negative,Angry,Playstation
State of Play,Instagram,@dasoggysloth,Where's he's,0,22/06/2024,1 PM,0,Positive,Happy,
State of Play,Instagram,@david.the.paganyogi,"I love #astrobot so much, I designed a crochet pattern for my very own",0,2024-05-31 00:00:00,8 AM,0,Positive,Happy,Astro Bot
State of Play,Instagram,@davor_demirovic,Where's medievil 2 remake?,0,2024-05-31 00:00:00,4 AM,0,Positive,Happy,
State of Play,Instagram,@ddantee_0,no skong...,0,22/06/2024,3 PM,0,Positive,Happy,
State of Play,Instagram,@dentist616,Port rescue mission to PSVR 2,0,2024-05-31 00:00:00,3 AM,0,Positive,Happy,
State of Play,Instagram,@dexinty.1,Sony I thank you for astro bot this is the best game that the PS5 would have this year and I already know it will be my goty this year,3,2024-05-31 00:00:00,8 PM,0,Positive,Happy,Sony
State of Play,Instagram,@dimazey61,mid yet astrobot good) love it,0,2024-05-31 00:00:00,6 AM,0,Positive,Happy,Astro Bot
State of Play,Instagram,@dimos_mprikos,Astro solo carried this event,0,2024-06-01 00:31:37,12 AM,0,Positive,Happy,Astro Bot
State of Play,Instagram,@diondelesia,Guys. That was a rough one.,1,2024-05-31 00:00:00,3 AM,0,Negative,Sad,
State of Play,Instagram,@djhepcat,"Love Astrobot, though why isn’t it PSVR2.  The original was one of my favorite VR games ever",0,2024-06-01 11:38:17,11 AM,0,Positive,Happy,Astro Bot
State of Play,Instagram,@dogfightspinningguy,Dog Fight Spinning Guy,0,2024-05-31 00:00:00,10 AM,0,Negative,Sad,
State of Play,Instagram,@dontspeakonm3handoutk,How about lowering the price on your controllers since we have to get new one every 2 months ?,4,2024-05-31 00:00:00,4 AM,11,Positive,Happy,
State of Play,Instagram,@dtestaa,ASTRO,8,2024-05-31 00:00:00,4 AM,0,Positive,Happy,Astro Bot
State of Play,Instagram,@eck0410,Day 1 purchase! Cannot wait!,0,2024-05-31 00:00:00,5 AM,0,Positive,Happy,
State of Play,Instagram,@eiisuto,I hope astrobot is not just a game that is good to play on PS5 but I hope it'll be a great platformer as well that we'll remember in the future,0,2024-05-31 00:00:00,9 AM,0,Negative,Fear,Game
State of Play,Instagram,@f_u_7_z_y,Time to hear all the crybabies talk about a game that hasn't come out yet,0,2024-05-31 00:00:00,6 AM,0,Positive,Happy,Game
State of Play,Instagram,@fake_asianjeff7,Xbox why why did you change your pfp ?,1,21/06/2024,6 AM,0,Negative,Sad,Xbox
State of Play,Instagram,@fate_wielder,Is anyone else confused that a mobile dressing game that people barely play got turned into a console game?,4,2024-05-31 00:00:00,2 AM,2,Negative,Fear,Game
State of Play,Instagram,@fe1ipe_vieira,Where the real ones sony ?,4,2024-05-31 00:00:00,2 AM,0,Negative,Sad,Sony
State of Play,Instagram,@flnalgirlenergy,"If only Indiana jones was on all consoles , like spiderman should be too - I left Xbox for PS in 2017 so I’m not bias , I want us all to get these games.",4,21/06/2024,3 PM,0,Positive,Happy,Xbox
State of Play,Instagram,@fmby.1,@lvlreem We get Console wars in 2024 before gta6,0,2024-06-01 18:37:59,6 PM,0,Neutral,Sad,GTA 6
State of Play,Instagram,@funky_adhd,Still waiting on Elder Scrolls VI,5,21/06/2024,6 PM,0,Positive,Surprise,Elder Scrolls
State of Play,Instagram,@fvizca,Is Astrobot going to be for free?,3,2024-05-31 00:00:00,3 AM,0,Positive,Happy,Astro Bot
State of Play,Instagram,@gamecubegrl_,Yayyy,0,2024-05-31 00:00:00,9 AM,0,Positive,Happy,
State of Play,Instagram,@ganishipo,Should've at least gave us a release date for monster hunter,0,2024-05-31 00:00:00,4 AM,0,Negative,Sad,Monster Hunter
State of Play,Instagram,@gavinbarnett97,"@jack.kennedyy420 gran turismo, infamous, ratchet and clank, shadow of colossus, hotizon zero dawn and forbidden west, ghost of tsushima, uncharted, spider-man, last of us, God of war, parappa the rapper, sly cooper, days gone, bloodborne, last guardian, until dawn, Detroit become human, death stranding, sackboy and little big planet, returnal, and astro bot. Unlike with what you said I can actually go on, and that is not counting all the games in the franchises I mention like gow and ratchet and clank. Also if I were including games that started off exclusive, which you did, i could go even longer with p5r and final fantasy vii.",0,2024-06-13 11:56:53,11 AM,0,Negative,Fear,Gow
State of Play,Instagram,@gavinbarnett97,"@jack.kennedyy420 every game on Xbox is on pc. Even if some are om pc, playstation has some that aren't on pc, you don't. THE only good thing about xbox is gamepass, and that is on pc.",0,2024-06-13 16:10:17,4 PM,0,Positive,Happy,Xbox
State of Play,Instagram,@gavinbarnett97,"@jack.kennedyy420 god of war ragnarok, ff7 rebirth, spider-man 2, horizon forbidden west, returnal, sackboy, and probably more that I can't remember off the top of my head. All games after astro playroom that aren't on pc and only ps5 and/or ps4",0,2024-06-14 13:24:53,1 PM,0,Positive,Surprise,Astro Bot
State of Play,Instagram,@gavinbarnett97,"@jack.kennedyy420 you're right I apologize I didn't realize returnal horizon and sackboy were on pc. But what does it matter? It doesn't change the fact that there are tons of good games you can play on plaustation which many aren't on pc though, that you don't have on Xbox. You don't have any  good games and all your modern ones are on pc. And bunch of xbox games are going to playstation",0,2024-06-14 14:27:10,2 PM,0,Negative,Sad,Xbox
State of Play,Instagram,@gavinbarnett97,@jack.kennedyy420 all your ganes are going to playstation. Sea of thieves and hi fi rush already did. You just couldn't come up with a reply and are trolling. Playstation games are almost objectively better then any xbox exclusive.,0,2024-06-14 15:30:14,3 PM,0,Positive,Happy,Playstation
State of Play,Instagram,@gavinbarnett97,"@jack.kennedyy420 ratchet and clank alone destroys any xbox game regarding variety. Og gow games are great and different hack and slashes, ataor playroom uses the controller as a part of the game unlike any other game. You cannot talk about variety with xbox compared to playstation.",0,2024-06-15 15:40:38,3 PM,0,Negative,Sad,Game
State of Play,Instagram,@gavinbarnett97,"@jack.kennedyy420 ratchet and clank guns are the definition of variety. I don't think you know what that franchise is. No rpgs? You forget the whole ps1/2 era where it was one rog after another. One if not the most popular rpg is ff7 which was originally a ps1 exclusive. And jow ff7 rebirth, rpg doesn't mean turn based. Ff7 rebirth is an rpg. Even the new gow games could be argued to be a action rpg. Learn the definition of rpg because there is more than just turn based.",0,2024-06-15 16:03:14,4 PM,0,Negative,Sad,Gow
State of Play,Instagram,@gavinbarnett97,"@jack.kennedyy420 I mentioned guns because that is where the variety comes in with ratchet and clank. And then I mentioned turn based because I assumed you were talking about that when you were mentioning rpgs, because if you weren't talking about them you were just wrong because playstation has tons of rpgs.",0,2024-06-15 16:11:39,4 PM,0,Negative,Sad,Playstation
State of Play,Instagram,@gavinbarnett97,"@jack.kennedyy420 that is just completely incorrect. Ff16, p5r started as a playstation exclusive, ghost of tsushima. Even ff7 rebirth which I mentioned earlier. You just proved you couldn't read or do research.",0,2024-06-16 02:45:39,2 AM,0,Negative,Fear,Playstation
State of Play,Instagram,@gavinbarnett97,"@jack.kennedyy420 ghost of tsushima is, at least it was labeled rpg on the store. And half of the rpgs don't soundtrack because you don't care? That doesn't make sense. You may not like persona but a lot of people do.  And again xbox has a couple of games not on pc but the rest are. That's because microsoft makes pcs. Even game pass is on pc. Just because some halo game and forza aren't on pc doesn't mean everything else ain't. YOUR logic just doesn't make sense.",0,2024-06-16 02:59:01,2 AM,0,Negative,Sad,Game
State of Play,Instagram,@gavinbarnett97,"@jack.kennedyy420 I'm not checking if these games are on pc, because even if they are the only console you can play them on is playstation. These are all rpgs:  Horizon zero dawn, Horizon Forbidden west, bloodeborne, possibly the newer gow games, the original persona 5,  ff16, ff7 remake, and ff7 rebirth. And I understand persona being everywhere because you can get royal anywhere, but ff16 is only on ps5 and pc, and ff7 rebirth is only on ps5 so saying it is avaliable everywhere is just incorrect.",0,2024-06-16 12:03:56,12 PM,0,Positive,Happy,Gow
State of Play,Instagram,@ggm_gmr,State of play its PlayStation event right??? Why u care the game who moved to pc­ goofy ahh GAYSTATION,0,2024-05-31 00:00:00,5 AM,0,Negative,Sad,Playstation
State of Play,Instagram,@ginsburn_the__messenger,Is Astro Boy going to be free or at least budget?,4,2024-05-31 00:00:00,3 AM,0,Positive,Happy,Astro Bot
State of Play,Instagram,@graistudio,No Tsushima 2..not even a teaser damn,167,2024-05-31 00:00:00,3 AM,14,Positive,Happy,
State of Play,Instagram,@guilhermesondermann,A medíocridade da sony em q o único jogo bom é se animação pra ps5 kkkkkkk,0,2024-06-01 23:42:30,11 PM,0,Positive,Happy,Sony
State of Play,Instagram,@gw_395,Where is bloodborne 2 then,12,2024-05-31 00:00:00,3 AM,0,Positive,Happy,
State of Play,Instagram,@haploidhomieharman,Xbox finna take the lead lowkey ps been comfortable for too long,0,2024-05-31 00:00:00,4 AM,0,Positive,Happy,Xbox
State of Play,Instagram,@heliorneto,Hype gigantesco. Jogaso,0,2024-05-31 00:00:00,4 AM,0,Positive,Happy,
State of Play,Instagram,@hiimelijahramirez,I like xbox but this dumb pride shi Is making me wany yo switch to Playstation,0,21/06/2024,4 PM,0,Positive,Happy,Xbox
State of Play,Instagram,@hillstefwingcommandersevennine,Astro Bot VR2?????,9,2024-05-31 00:00:00,3 AM,0,Positive,Happy,Astro Bot
State of Play,Instagram,@hugo_legall57,@_angelvaldez_31 you're cute thinking I need to go back in primary school when you're the one who made a mistake but can't admit it,0,2024-05-31 17:14:48,5 PM,0,Negative,Sad,
State of Play,Instagram,@hunt.erp33,What’s up xbxox,0,21/06/2024,12 PM,0,Positive,Happy,
State of Play,Instagram,@hussein.digital,Awesome??,0,2024-06-01 10:38:08,10 AM,0,Positive,Happy,
State of Play,Instagram,@i_hotboiandi715,@1lazyeyed_kat hmu,0,21/06/2024,8 PM,0,Positive,Happy,
State of Play,Instagram,@i_hotboiandi715,@carlitosfire10 hola hmu,0,21/06/2024,8 PM,0,Positive,Happy,
State of Play,Instagram,@i_hotboiandi715,@landokiosk hmu ?,0,21/06/2024,8 PM,0,Positive,Happy,
State of Play,Instagram,@iamniteshkestwal,Once upon a time State of Play used to be relevant.,0,2024-05-31 00:00:00,5 AM,0,Negative,Sad,State Of Play
State of Play,Instagram,@imdylban,they said until down lol,5,2024-05-31 00:00:00,3 AM,0,Positive,Happy,
State of Play,Instagram,@iniciales_p.a_,What a bullshit,0,2024-05-31 00:00:00,3 AM,0,Negative,Fear,
State of Play,Instagram,@its_just_bt_,"Oh look more games that nobody asked for or will really care for, oh and that game going on pc aswell as ps5, everyone should know by now that pc players will be forced to link their psn acc and everyone should know that the 180 countries without psn access will be auto banned",0,2024-05-31 00:00:00,3 AM,0,Negative,Fear,Game
State of Play,Instagram,@its_whzly,Major W this year XBOX is so back,5,21/06/2024,5 AM,0,Positive,Happy,Xbox
State of Play,Instagram,@itz_rebinm,2024 is xbox year?,0,21/06/2024,7 PM,0,Positive,Happy,Xbox
State of Play,Instagram,@ivanv,astro bot !,0,2024-06-01 02:25:56,2 AM,0,Positive,Happy,Astro Bot
State of Play,Instagram,@j.b.vaofficial,"Gears of War E-day, because I want to see the return of different weapons like sawed off shotgun, breechshot, markza, boosha, tripwire crossbow & dropshot",0,22/06/2024,2 PM,0,Positive,Happy,Gears
State of Play,Instagram,@j__s_______,I'm too excited,7,2024-05-31 00:00:00,3 AM,1,Negative,Sad,
State of Play,Instagram,@j3ssef3ather,"So, not much, huh?",0,2024-06-02 07:44:03,7 AM,0,Positive,Happy,
State of Play,Instagram,@jack.kennedyy420,Wait where's all the sony pony's saying Xbox has no games now?,4,2024-05-31 00:00:00,3 AM,27,Positive,Surprise,Xbox
State of Play,Instagram,@jack.kennedyy420,"Nope, a lot aren't on PC, Forza Motorsport, Halo 5, gears of war, fable, ninja gaiden, lost Odyssey, crackdown. The last true ps exclusive was Astros playroom ?",0,14/06/2024,2 AM,0,Negative,Sad,Forza
State of Play,Instagram,@jack.kennedyy420,"So you're contradicting yourself again lmfao. ""Not all RPGs are turn based"" but you brought up RPGs because you thought I was talking about turn based. And I'm not talking about guns in games for variety. I'm talking about actual games. PlayStation hasnt had an rpg for over a decade. PlayStation has no variety, it's over the shoulder third person shooter #1, over the shoulder action adventure 1 and repeat.",0,16/06/2024,2 AM,0,Negative,Sad,Playstation
State of Play,Instagram,@jack.kennedyy420,"ngl I forgot about ff16, but it's on PC and coming to Xbox so idc, persona is on all consoles and it's an overrated series, couldn't care. ghost of Tsushima isn't an rpg. I'll give you rebirth, but that's all y'all have is final fantasy RPGs basically. Xbox still has a lot more.",0,16/06/2024,2 AM,0,Negative,Fear,Xbox
State of Play,Instagram,@jack.kennedyy420,"Lmfao perfect dark, fable, sunset overdrive and stalker alone has more variety and is better than any PlayStation game ever released (except sly) ??",0,15/06/2024,3 AM,0,Negative,Sad,Fable
State of Play,Instagram,@jack.kennedyy420,"Ghost of Tsushima is an action adventure game. So the only RPGs are persona and final fantasy, which are pretty much available everywhere. So every rpg on PlayStation is 3rd party and pretty much available elsewhere",0,16/06/2024,3 AM,0,Negative,Fear,Playstation
State of Play,Instagram,@jack.kennedyy420,"most of them are on PC, so not exclusive ?",0,13/06/2024,12 PM,0,Neutral,Sad,Exclusive
State of Play,Instagram,@jack.kennedyy420,"3 of them are on PC, try again ?",0,14/06/2024,1 PM,0,Positive,Happy,PC
State of Play,Instagram,@jack.kennedyy420,no point arguing with you you're literally going in circles ??,0,14/06/2024,2 PM,0,Positive,Happy,
State of Play,Instagram,@jack.kennedyy420,"lmao ratchet and Clank is a 3d platformer, there's really no variety to it, Xbox had platformers too. And for hack and slash, ninja gaiden, bloodrayne which is arguably better than gow, PlayStation has literally no RPGs lol and the last time they made a first person game was over a decade ago with the flop they call killzone shadow fall. I really don't think you understand the meaning on variety.",0,15/06/2024,3 PM,0,Negative,Sad,Gow
State of Play,Instagram,@jack.kennedyy420,"Nobody said anything about guns or turn based lmao and you just contradicted yourself like 3 times, you're obviously a child so you're never gonna admit you're wrong. ?",0,15/06/2024,4 PM,0,Negative,Sad,
State of Play,Instagram,@jacksonpoole13,y'all summer game fest is right around the corner. you really thought they were gonna show their biggest upcoming releases in a half-hour state of play that wasn't even a showcase? get your expectations back in order lmao,121,2024-05-31 00:00:00,5 AM,8,Negative,Fear,Game
State of Play,Instagram,@jacksonpoole13,@kxzeii i feel that! Astro Bot already has my pre-order ?,0,2024-06-01 01:13:57,1 AM,0,Positive,Happy,Astro Bot
State of Play,Instagram,@jairopost,Until Down,4,2024-05-31 00:00:00,2 AM,0,Positive,Happy,
State of Play,Instagram,@javiie3412,How much will the Astro Bot cost??? I need it now,0,2024-05-31 00:00:00,10 AM,0,Positive,Surprise,Astro Bot
State of Play,Instagram,@jax.teller__,Until down?,9,2024-05-31 00:00:00,2 AM,0,Positive,Happy,
State of Play,Instagram,@jerry.g__,"Still milking until dawn Jesus Christ, make the silent hill game off of P.T",78,2024-05-31 00:00:00,2 AM,1,Negative,Sad,Game
State of Play,Instagram,@jollirum,"@crackkennedy massive troll account, everything you say is invalid. You sh¡tbird",0,2024-06-02 05:34:41,5 AM,0,Neutral,Angry,
State of Play,Instagram,@jonscotberry,@leafs_fan_1990 everying xbox coming to PS. Lol. No one cares tho cuz everything except hifi rush and Pentament is ??,0,2024-06-02 18:50:11,6 PM,0,Positive,Happy,Xbox
State of Play,Instagram,@jordan.sibleey,"monster hunter is so far away, where's persona",0,2024-05-31 00:00:00,7 AM,0,Neutral,Angry,Monster Hunter
State of Play,Instagram,@josephutchins,alright cool so i didn't miss anything,8,2024-05-31 00:00:00,3 AM,0,Positive,Happy,
State of Play,Instagram,@josh.talbot_,"So until dawn and SH2 are the only remastered (rebuilt), could they both sell for like $70 or cheaper, at least?",4,2024-05-31 00:00:00,3 AM,0,Positive,Happy,Until Dawn
State of Play,Instagram,@kabiri_pedram,Loved it??,0,02/06/2024,5 AM,0,Positive,Happy,
State of Play,Instagram,@kabiri_pedram,Awesome??,0,2024-06-02 05:48:14,5 AM,0,Positive,Happy,
State of Play,Instagram,@kaicenatbiggestfan_6,@crackkennedy Bro thinks Xbox is better ?,0,2024-05-31 17:55:44,5 PM,0,Positive,Happy,Xbox
State of Play,Instagram,@kanye_de_soliyork_69,No bloodborne for pc?,13,2024-05-31 00:00:00,2 AM,0,Positive,Happy,Bloodborne
State of Play,Instagram,@kayleneihrig911,Beauty..,4,2024-05-31 00:00:00,2 AM,0,Positive,Happy,
State of Play,Instagram,@kellercarson,No Socom. Lame..,0,2024-05-31 00:00:00,7 AM,0,Positive,Happy,
State of Play,Instagram,@kh.s.mmm,GAYBOX,0,22/06/2024,4 PM,0,Positive,Happy,
State of Play,Instagram,@kh3008a,Can you give me playstation5 please ?,0,2024-06-01 13:58:50,1 PM,0,Negative,Fear,
State of Play,Instagram,@khalilbarred,ASTRO BOT has literally saved the whole SOP .. solid 2/10 that's all. (your future is really bad),0,2024-05-31 00:00:00,4 AM,0,Positive,Happy,Astro Bot
State of Play,Instagram,@killamonjaroct,Astrobot with no psvr2 is peanut butter with no jelly. Dry AF.,7,2024-05-31 00:00:00,3 AM,1,Negative,Fear,Astro Bot
State of Play,Instagram,@kiran__ak_25,@_s_i_l_e_n_t_h_i_l_l_ it's an emotion??,0,2024-06-01 02:53:51,2 AM,0,Positive,Happy,
State of Play,Instagram,@klassikmike_yt,We live in times that announcement doesn’t excite me anymore,0,2024-06-04 15:46:28,3 PM,0,Negative,Sad,Announcement
State of Play,Instagram,@koeckb84,What about the game Babysteps? No news?,0,2024-05-31 00:00:00,4 AM,0,Positive,Happy,Game
State of Play,Instagram,@ladarius_musonda,It's not really PlayStation fault it's the COMPANIES not doing ANYTHING,0,2024-05-31 00:00:00,6 AM,0,Positive,Happy,Playstation
State of Play,Instagram,@laroyracer,State of play was boring,90,2024-05-31 00:00:00,3 AM,1,Negative,Sad,Boring
State of Play,Instagram,@leafs_fan_1990,XBOX BETTER,4,2024-05-31 00:00:00,2 AM,5,Positive,Happy,Xbox
State of Play,Instagram,@leandromna,Astro ??,0,2024-06-01 09:33:54,9 AM,0,Positive,Happy,Astro Bot
State of Play,Instagram,@leftfortherain,"Silent hill 2 is gonna flop, thankfully I have the original ps2 game on disc prices are gonna fly up when remake releases",0,2024-06-01 11:31:14,11 AM,0,Positive,Happy,Game
State of Play,Instagram,@lenlenarts,I liked many of the games shown at this event,0,2024-05-31 00:00:00,3 AM,0,Positive,Happy,
State of Play,Instagram,@leobdy__,Well Done?,0,21/06/2024,12 AM,0,Positive,Happy,
State of Play,Instagram,@leozug,"Besides Astro, all of these are lame. Video games used to be fun.",0,2024-05-31 00:00:00,6 AM,0,Positive,Happy,Astro Bot
State of Play,Instagram,@libertinob,Bro I can’t wait for this game,0,2024-06-01 05:20:42,5 AM,0,Positive,Surprise,Game
State of Play,Instagram,@lightstar_69,Mache erst das tolle erste Spiel noch fertig und das Neue steht schon suf meiner Liste ??,0,2024-06-13 11:00:53,11 AM,0,Positive,Happy,
State of Play,Instagram,@lil_lou.lou,"@crackkennedy ""they never said they were inferior, they just said that they can't win"" bruh?",0,2024-06-01 05:48:14,5 AM,0,Positive,Happy,
State of Play,Instagram,@lonew0lfmode,This was it?,0,2024-05-31 00:00:00,8 AM,0,Negative,Surprise,
State of Play,Instagram,@lucaj1395,It was a good damn demo played the shit outta that for the first week of owning ps5,0,2024-06-04 01:06:28,1 AM,0,Positive,Surprise,
State of Play,Instagram,@lucaj1395,@cris_torres_x it's always like a year or two after it's on PlayStation at that point no one cares anymore,0,2024-06-04 01:07:56,1 AM,0,Positive,Surprise,Playstation
State of Play,Instagram,@madi_zhexenbayev,Add KAZAKHSTAN to PSN,0,2024-05-31 00:00:00,5 AM,0,Negative,Sad,
State of Play,Instagram,@mann.o.war,Path of exile 2,0,2024-05-31 00:00:00,4 AM,0,Positive,Happy,Path Of Exile
State of Play,Instagram,@marcus_aurus_specklesteev,A NEW ASTROBOT GAME? YES!,0,2024-06-01 17:45:05,5 PM,0,Positive,Happy,Game
State of Play,Instagram,@marcushauser23,eveeybody was cooking this year. ESPECIALLY the coalition,0,22/06/2024,10 AM,0,Positive,Happy,
State of Play,Instagram,@markzeddy,Metal Gear,0,22/06/2024,3 PM,0,Positive,Happy,Metal Gear Solid
State of Play,Instagram,@mason_alexander1204,Behemoth is gonna be insane,4,2024-05-31 00:00:00,3 AM,0,Positive,Surprise,Behemoth
State of Play,Instagram,@matsaints0,Is astro's game going to be free?,0,2024-06-02 00:41:26,12 AM,0,Positive,Happy,Game
State of Play,Instagram,@mattpowerglove,Path of Exile 2 so good we got it twice,0,2024-05-31 00:00:00,4 AM,0,Positive,Happy,Path Of Exile
State of Play,Instagram,@mauriciokorama,LETS GOOO RAGNAROK FOR PC,0,2024-06-01 02:23:31,2 AM,0,Negative,Sad,God Of War
State of Play,Instagram,@meysam1989k22,Astro bot Psvr2 please,3,2024-05-31 00:00:00,11 PM,0,Positive,Happy,Astro Bot
State of Play,Instagram,@milan.bhai123,God of War is coming to PC... I'm so excited,0,2024-05-31 00:00:00,9 AM,0,Positive,Surprise,God Of War
State of Play,Instagram,@mister.ossom,Silent Hill 2,0,2024-05-31 00:00:00,8 AM,0,Positive,Happy,Silent Hill 2
State of Play,Instagram,@misterplay_,The playstation mascot,0,2024-06-02 09:52:33,9 AM,0,Positive,Happy,Playstation
State of Play,Instagram,@mohammadmlp88,Ps4,0,06/06/2024,12 PM,0,Positive,Happy,PS4
State of Play,Instagram,@molinari_marco_82,Olso for psvr2?,0,2024-06-05 10:08:08,10 AM,0,Negative,Sad,VR
State of Play,Instagram,@morkman_handhamb,Can't believe bloodborne 2 finally got announced,0,2024-05-31 00:00:00,3 AM,0,Positive,Surprise,Bloodborne 2
State of Play,Instagram,@moshtabi,it was leak ahead of time,0,2024-05-31 00:00:00,9 AM,0,Negative,Happy,
State of Play,Instagram,@mouth_for_war,Y'all gonna remake everything except Bloodborne,8,2024-05-31 00:00:00,3 AM,3,Negative,Angry,Bloodborne
State of Play,Instagram,@mr.rogersneighborrhood,Where's Jet Set Radio?,1,21/06/2024,11 PM,0,Negative,Surprise,
State of Play,Instagram,@mr.tacituskilgore45,19th SEPTEMBER,5,2024-05-31 00:00:00,3 AM,0,Positive,Happy,
State of Play,Instagram,@mrragecagee,"Confused, is this going to be free? Like just an update to the first ASTRO, or it's own standalone game now? 70$ out the rip type game.",0,01/06/2024,9 PM,0,Negative,Fear,Game
State of Play,Instagram,@mts_418,Can you guys go back to letting us keep our old clips without having to to save them,0,21/06/2024,4 AM,0,Negative,Sad,
State of Play,Instagram,@museum_of_bullshit,Still no bloodborne 2 or for pc or even a remasterâ€¦,1,2024-05-31 00:00:00,3 AM,0,Positive,Happy,Bloodborne 2
State of Play,Instagram,@mxpxboy,ZzzzZzzz…bring back E3. The pandemic has been over. Stop being lazy and using that as an excuse for mediocrity.,0,2024-06-01 12:52:07,12 PM,0,Negative,Angry,
State of Play,Instagram,@mxxl.03,Did you mean Until Dawn? This the 2nd time I caught PlayStation misspelling something,0,2024-05-31 00:00:00,4 AM,0,Negative,Sad,Playstation
State of Play,Instagram,@nazandrey,"Sony why don't you want my money? I want to buy the game on Steam, but I can't",0,2024-05-31 00:00:00,7 AM,0,Negative,Angry,Sony
State of Play,Instagram,@ncaftpss_x,You fgs should have put men's mental health month you child pred supporters,0,21/06/2024,4 AM,0,Negative,Sad,
State of Play,Instagram,@necrodrawing,FINALLY a release date for SH2,0,2024-05-31 00:00:00,9 AM,0,Negative,Fear,Silent Hill 2
State of Play,Instagram,@nerd_enough,Why am I most hyped for Astro Bot and Silent Hill,1,2024-05-31 00:00:00,3 AM,0,Positive,Happy,Astro Bot
State of Play,Instagram,@neshasvibes,Love it!,5,2024-05-31 00:00:00,2 AM,0,Positive,Happy,
State of Play,Instagram,@nick_also,Until Down,4,2024-05-31 00:00:00,3 AM,0,Neutral,Happy,Until Dawn
State of Play,Instagram,@nick_also,Ight I get the COD point but let’s not disrespect God of War cause I also love that lol,0,2024-05-31 18:08:57,6 PM,0,Positive,Surprise,Cod
State of Play,Instagram,@nick_also,You couldn’t be more wrong,0,2024-06-01 07:32:40,7 AM,0,Negative,Sad,
State of Play,Instagram,@north1paw,Astro Bot sequel? You son of a bitch I'm in!,3,2024-05-31 00:00:00,2 AM,0,Positive,Happy,Astro Bot
State of Play,Instagram,@noseferatu4,Hell yeah Astro's playroom bby,0,2024-05-31 00:00:00,4 AM,0,Positive,Happy,Astro Bot
State of Play,Instagram,@oesvictor,I'm afraid that Sony turns itself in a company that doesn't hear its customers and just deliver to us exactly the opposite from what we want.,0,2024-05-31 00:00:00,4 AM,0,Positive,Surprise,Sony
State of Play,Instagram,@oli.ps28,"@s_kibby The only thing they could be compared to a little bit is God Eater. Monster Hunter is its own thing really. A game called Wild Hearts dropped some time back, you could say that game is a MH clone.",0,2024-05-31 23:37:31,11 PM,0,Positive,Surprise,Game
State of Play,Instagram,@oliveiramatiaspaulo,Best thing about this horrible event,4,2024-05-31 00:00:00,2 AM,0,Negative,Angry,Horrible
State of Play,Instagram,@olivier.wmv,Carried that mid ass showcase,45,2024-05-31 00:00:00,2 AM,5,Negative,Angry,Mid
State of Play,Instagram,@onurevsn,Thats exactly why half of the users still using ps4/ps4pro lol,0,2024-05-31 00:00:00,3 AM,0,Negative,Happy,PS4
State of Play,Instagram,@oscarwinnerseanpenn,Ya'll remaking the wrong games!! Ain't nobody nibblin for that!!,5,2024-05-31 00:00:00,2 AM,0,Positive,Happy,Remake
State of Play,Instagram,@overqualifications,@1madpanda You know Phil Spencer himself said Xbox lost this generation right? LOL. Go ahead and argue against the CEO who has all the stats and connections that you don’t have.,0,2024-06-02 21:38:32,9 PM,0,Negative,Sad,Xbox
State of Play,Instagram,@owengranger,Where’s psvr2 support???,0,2024-06-01 19:58:27,7 PM,0,Positive,Happy,VR
State of Play,Instagram,@patrickwerduch,Astro ?,0,2024-06-01 10:17:29,10 AM,0,Positive,Happy,Astro Bot
State of Play,Instagram,@pax_romana94,This state of play was so mid. You might as well not have organised it at all.,0,2024-05-31 00:00:00,7 AM,0,Negative,Sad,State Of Play
State of Play,Instagram,@pd__pradum777,Cricket 24 ?,0,22/06/2024,5 AM,0,Neutral,Surprise,Cricket 24
State of Play,Instagram,@peymanchegini2,This game love girls becuse cute chorocter????,0,2024-06-01 12:06:02,12 PM,0,Positive,Happy,Game
State of Play,Instagram,@philip_hardin,Astro carrying,0,2024-05-31 00:00:00,10 AM,0,Positive,Happy,Astro Bot
State of Play,Instagram,@piras9798,Another trash sop,0,2024-05-31 00:00:00,5 AM,0,Neutral,Angry,
State of Play,Instagram,@pistol.poet,GOW coming to PC ! Yes,0,2024-05-31 00:00:00,6 AM,0,Positive,Surprise,Gow
State of Play,Instagram,@plo0pa,silent hill 2 is gon be ass,0,2024-06-01 16:03:24,4 PM,0,Positive,Happy,Silent Hill 2
State of Play,Instagram,@psn_rockydmise,PSVR 2 support please,7,2024-05-31 00:00:00,3 AM,0,Neutral,Sad,VR
State of Play,Instagram,@quite_possibly_jaxon,@industryflex ngl I ain't want 95% of those,2,21/06/2024,7 AM,0,Negative,Angry,
State of Play,Instagram,@razgrizjl,The only game worth watching,0,2024-05-31 00:00:00,3 AM,0,Positive,Surprise,Game
State of Play,Instagram,@reny.gat,Silent Hill and Where Winds Meet for us. Then Astro Bot for Shani @daniellecalpo ?,0,2024-06-01 12:20:24,12 PM,0,Positive,Happy,Astro Bot
State of Play,Instagram,@revenge_of_sam_the_man,Was that Cole Macgrath on the left side at the part where all the avatars surround ASTRO?,4,2024-05-31 00:00:00,3 AM,0,Positive,Happy,Astro Bot
State of Play,Instagram,@reyn.rodriguez18,I just need my Silent Hill 2,0,2024-05-31 23:59:43,11 PM,0,Positive,Happy,Silent Hill 2
State of Play,Instagram,@rick86mars,"Silent Hill 2 was a shocker of ugliness! Sorry, but it was really bad!",0,2024-05-31 00:00:00,10 AM,0,Positive,Surprise,Silent Hill 2
State of Play,Instagram,@riley.radio,"Nothing worth anyone's time except monster hunter. Maybe do a showcase and announce some first party games, there are none outside of Wolverine announced",5,2024-05-31 00:00:00,3 AM,6,Negative,Angry,Monster Hunter
State of Play,Instagram,@robledodidoff,Astrobot for PSVR2 Pleaseeeeeeeee! ,10,2024-05-31 00:00:00,3 AM,0,Positive,Happy,Astro Bot
State of Play,Instagram,@rose_otl_,Playstation got a nice line up coming ???,0,2024-06-02 15:20:08,3 PM,0,Positive,Happy,Playstation
State of Play,Instagram,@s_kibby,Crazy that the only game I'm looking forward to is Astrobot,258,2024-05-31 00:00:00,3 AM,6,Negative,Fear,Game
State of Play,Instagram,@sandyachmadr,They spelled their own game wrong,0,2024-05-31 00:00:00,4 AM,0,Positive,Happy,Game
State of Play,Instagram,@scamanderous,"I mean, my expectations were low, but HOLY F*CK",0,2024-05-31 00:00:00,8 AM,0,Negative,Surprise,
State of Play,Instagram,@schocki870_vr,What are you doing? Very disappointing that it's not coming out in VR.Please for PSVR2,0,2024-05-31 00:00:00,8 AM,0,Positive,Surprise,Disappointing
State of Play,Instagram,@semih_dk02,Marvel spider-mam pleasee??,0,21/06/2024,9 PM,0,Positive,Surprise,Spider Man
State of Play,Instagram,@shamelessdeviant,It says Until Down in the description,4,2024-05-31 00:00:00,3 AM,0,Neutral,Sad,Until Dawn
State of Play,Instagram,@shikuzo_,@crackkennedy yo fridge got zero games jus like ps5 gang be humble,0,2024-06-01 13:48:49,1 PM,0,Positive,Happy,
State of Play,Instagram,@shimshawcramtime,Was hoping for some news on light no fire,0,2024-05-31 00:00:00,4 AM,0,Positive,Happy,
State of Play,Instagram,@shivam3vedi,"Expected a Ghost of Tsushima 2 teaser but no worries, Iâ€™m happy with an Astro Bot game for now",4,2024-05-31 00:00:00,5 AM,0,Positive,Happy,Game
State of Play,Instagram,@shrouded_blackness,@r_27goat Bro el astro bot?,0,06/06/2024,2 AM,0,Positive,Happy,Astro Bot
State of Play,Instagram,@sir_bigfudge,"And this why I still have a ps4, ps5 is useless at the moment",0,2024-05-31 00:00:00,6 AM,0,Negative,Angry,PS4
State of Play,Instagram,@sir_bingjamin,"Sad there was no little devil inside footage, that game has been in development for years now",0,2024-05-31 00:00:00,7 AM,0,Positive,Surprise,Game
State of Play,Instagram,@sir_bingjamin,How much will Astro Bot cost?,0,2024-05-31 00:00:00,7 AM,0,Positive,Surprise,Astro Bot
State of Play,Instagram,@sluttyfuhrer,I'm so excited for Monster Hunter Wilds and Dynasty Warriors Origins man,0,2024-05-31 00:00:00,8 AM,0,Negative,Sad,Monster Hunter
State of Play,Instagram,@smokedship,So just boring sh*t,0,2024-05-31 00:00:00,6 AM,0,Negative,Sad,Boring
State of Play,Instagram,@smokedship,Astro Bot was the only good thing here.,0,2024-05-31 00:00:00,6 AM,0,Positive,Happy,Astro Bot
State of Play,Instagram,@solid_n8,Based,0,2024-05-31 00:00:00,5 AM,0,Negative,Sad,
State of Play,Instagram,@sorabh45,Bad,0,2024-05-31 00:00:00,09:00:00 AM,0,Positive,Happy,
State of Play,Instagram,@spellboundeaded,The until dawn remaster looks so good!! Very exited definitly looks like there are new scenes in it to,0,2024-05-31 00:00:00,8 AM,0,Positive,Happy,Until Dawn
State of Play,Instagram,@spencerj486001,i wonder if astro will bw free dlc,0,2024-05-31 00:00:00,7 AM,0,Positive,Happy,Astro Bot
State of Play,Instagram,@sr_romulo,MAKE A NEW APE ESCAPE,1,2024-05-31 00:00:00,3 AM,0,Negative,Sad,
State of Play,Instagram,@steph_lazo,don't even bother with a ps5 pro if it won't be ultra wide compatible,1,2024-05-31 00:00:00,3 AM,0,Negative,Sad,
State of Play,Instagram,@street.code_,I'm glad yall are updating Astro Bot my boys love to play that.,11,2024-05-31 00:00:00,3 AM,0,Positive,Happy,Astro Bot
State of Play,Instagram,@strizzulz,The only way to really sell more ps5 is to come out with next generation games. To many ps4 players have jailbreak consoles,0,2024-06-01 02:06:57,2 AM,0,Positive,Happy,PS4
State of Play,Instagram,@stuff4geekz,"The state of play was garbage. It seems like every year, it's getting worse and worse. A bunch of MP games, crap games that require transactions every minute, nothing really worth waiting for, except for maybe  SH2 and MH. Good thing for retro gaming. Otherwise, man... current gen blows ass.",0,2024-06-01 06:42:50,6 AM,0,Positive,Surprise,State Of Play
State of Play,Instagram,@stuff4geekz,@supergamerpals screw 60frames when its bloodborne. It doesn't need it.,0,2024-06-01 06:44:24,6 AM,0,Negative,Angry,BLOODBORNE
State of Play,Instagram,@stuff4geekz,@mfayez91 you're goddamn right.,0,2024-06-01 06:44:49,6 AM,0,Positive,Happy,
State of Play,Instagram,@sukmyjuicyjuice,State of play was so bad lol i hope Microsoft save us lol i don't know if Sony trying too troll us or what,1,2024-05-31 00:00:00,3 AM,0,Negative,Sad,Sony
State of Play,Instagram,@sundis_swe,Why isent astrobot for vr2?????,0,2024-05-31 17:29:53,5 PM,0,Positive,Happy,Astro Bot
State of Play,Instagram,@supersayainbroku,They announce this thing like 5 days ago what did you expect Spider-Man 3,0,2024-05-31 00:00:00,5 AM,0,Positive,Happy,Spider Man
State of Play,Instagram,@swimingpls,xbox cooked,1,21/06/2024,3 PM,0,Positive,Happy,Xbox
State of Play,Instagram,@td81_____,Please new Astro Game,4,2024-05-31 00:00:00,3 AM,0,Positive,Happy,Game
State of Play,Instagram,@thabisocassette,Great question,0,2024-06-01 13:01:16,1 PM,0,Positive,Happy,Great question
State of Play,Instagram,@thatreversedpersona,shitshow,0,2024-05-31 00:00:00,6 AM,0,Negative,Angry,
State of Play,Instagram,@the.damnmexican,how the fuck was the sequel to a demo the best thing here,1307,2024-05-31 00:00:00,2 AM,71,Negative,Surprise,
State of Play,Instagram,@the_only_javilicious,This and Concord,0,2024-05-31 00:00:00,3 AM,0,Positive,Happy,Concord
State of Play,Instagram,@thedevilsfallenangel,UNTIL DAWN YES YES YES YES YES,0,2024-06-01 11:51:12,11 AM,0,Positive,Happy,Until Dawn
State of Play,Instagram,@themadcash,Crazy the best thing was a sequel to a demo. I guess Sony must've realized Astro is their Mario,4,2024-05-31 00:00:00,3 AM,0,Positive,Surprise,Sony
State of Play,Instagram,@thestonerose1995,Lol Instagram is being soft theyre removing my comments,1,2024-05-31 00:00:00,3 AM,0,Negative,Happy,
State of Play,Instagram,@theuz07.xxp,da uma promoçãozinha mês que vem no Hogwarts legacy mês que vem,0,22/06/2024,7 AM,0,Positive,Happy,Hogwarts Legacy
State of Play,Instagram,@they.luv.zayy,Dawg we don't need another damn Astro game,20,2024-05-31 00:00:00,2 AM,21,Positive,Angry,Game
State of Play,Instagram,@tim_kowalczyk,No Resident evil,7,2024-05-31 00:00:00,8 AM,0,Negative,Sad,Resident evil
State of Play,Instagram,@tlou2photography,I heard this was the worst state of play in the history of state of plays (I'm so hyped for SH2),44,2024-05-31 00:00:00,2 AM,3,Negative,Sad,State Of Play
State of Play,Instagram,@tomropikis,Well Done ???,0,03/06/2024,1 PM,0,Positive,Happy,
State of Play,Instagram,@tomropikis,Congratulations???,0,2024-06-03 13:48:10,1 PM,0,Positive,Happy,
State of Play,Instagram,@troy.hall75,@leafs_fan_1990 ?,0,2024-06-03 06:46:35,6 AM,0,Positive,Happy,
State of Play,Instagram,@untilmori,UNTIL DAWN REMASTER SUPREMACY,1,2024-05-31 00:00:00,3 AM,0,Positive,Happy,Until Dawn
State of Play,Instagram,@virdiawan_ip,where gta 6,4,2024-05-31 00:00:00,3 AM,0,Positive,Happy,GTA 6
State of Play,Instagram,@wally.mc,My boy!,5,2024-05-31 00:00:00,3 AM,0,Positive,Happy,
State of Play,Instagram,@xbox,@swimingpls LOOK AT THEM GAMES.,1,21/06/2024,10 PM,0,Positive,Happy,
State of Play,Instagram,@xbox,@retrogaming1991 We are so very very VERY excited.,0,21/06/2024,10 PM,0,Negative,Sad,
State of Play,Instagram,@xbox,@richard.drives Honestly? Yes ?,0,21/06/2024,10 PM,0,Positive,Happy,
State of Play,Instagram,@xxshotgunshanexx,"No last of us, no wolverine, no days gone, no spiderman 2 dlc. Weak ass state of play",0,2024-05-31 00:00:00,4 AM,0,Negative,Sad,State Of Play
State of Play,Instagram,@yajin._,stop with the remasters and pc ports and give us actual games that value our decision of buying a ps5,0,2024-05-31 00:00:00,3 AM,0,Negative,Fear,PC
State of Play,Instagram,@ymemon2005,goddamnit another year and no bloodborne 2,1,2024-05-31 00:00:00,3 AM,0,Positive,Happy,Bloodborne 2
State of Play,Instagram,@younghrtbeat,Pfp?,0,22/06/2024,4 PM,0,Negative,Sad,
State of Play,Instagram,@yung_bruh_tru,HAHAAA THERE'S MY BABY BOY,0,2024-05-31 00:00:00,6 AM,0,Positive,Happy,
State of Play,Instagram,@yuvi_x_gojo,Winner of the state of play,0,2024-05-31 00:00:00,7 AM,0,Negative,Sad,State Of Play
State of Play,Instagram,@z3r0_es0t3r1c,Hifi Rush is better than all of these,0,21/06/2024,3 AM,0,Positive,Happy,
State of Play,Instagram,@zackuigi,"We got Astro Bot at least, Playroom is already a nice experience so having team Asobi have the budget of a full fledged game instead of just a pack in title. Silent Hill 2 and Until Dawn looked nice, everything else felt boring as hell tbh. As my first state of play, this felt like a Walmart brand Nintendo Direct tbh :/",5,2024-05-31 00:00:00,3 AM,0,Negative,Sad,Game
State of Play,Instagram,@zucatii,@hiimelijahramirez imagine spending 500 beans because of a picture ????,0,22/06/2024,6 AM,0,Positive,Happy,
