"id","likesCount","ownerProfilePicUrl","ownerUsername","postUrl","text","timestamp"
"17981957531682781","2","https://scontent-atl3-2.cdninstagram.com/v/t51.2885-19/434606504_402704092471516_3319759663452452132_n.jpg?stp=dst-jpg_s150x150&_nc_ht=scontent-atl3-2.cdninstagram.com&_nc_cat=104&_nc_ohc=4lAPbVV6af0Q7kNvgEpvZNo&edm=AP_V10EBAAAA&ccb=7-5&oh=00_AYBiL13VaLQE3RPJ2ItHL4B8_MQ0Xymjnsc_q4it-A1HWw&oe=667CCBB7&_nc_sid=2999b8","_.cristian._2005","https://www.instagram.com/p/C7nQZ1vPYYz/","Yoooooo🔥🔥🔥🔥😍","2024-06-01T20:30:35.000Z"
"18032398276864982","0","https://scontent-atl3-2.cdninstagram.com/v/t51.2885-19/355627882_586823410303033_3448744965486052838_n.jpg?stp=dst-jpg_s150x150&_nc_ht=scontent-atl3-2.cdninstagram.com&_nc_cat=101&_nc_ohc=TFLuXXXsVtIQ7kNvgErT2wb&edm=AP_V10EBAAAA&ccb=7-5&oh=00_AYBQGqsZUjyt1kzIQtuCape-tNzYRiiqBpIMBtNd1HxuMw&oe=667CE4CA&_nc_sid=2999b8","mrragecagee","https://www.instagram.com/p/C7nQZ1vPYYz/","Confused, is this going to be free? Like just an update to the first ASTRO, or it's own standalone game now? 70$ out the rip type game.","2024-06-01T21:44:58.000Z"
"18023382188002253","0","https://scontent-atl3-1.cdninstagram.com/v/t51.2885-19/448564377_375478238878548_865241781420003999_n.jpg?stp=dst-jpg_s150x150&_nc_ht=scontent-atl3-1.cdninstagram.com&_nc_cat=100&_nc_ohc=fWUN5I5k9kYQ7kNvgHyU4iC&edm=AP_V10EBAAAA&ccb=7-5&oh=00_AYDyQhY4paA1JA9WR0mvMIrnOpdtDb0hESJoMlQ1UNzYbA&oe=667CD4DE&_nc_sid=2999b8","guilhermesondermann","https://www.instagram.com/p/C7nQZ1vPYYz/","A medíocridade da sony em q o único jogo bom é se animação pra ps5 kkkkkkk","2024-06-01T23:42:30.000Z"
"18123984052362025","0","https://scontent-atl3-1.cdninstagram.com/v/t51.2885-19/331025329_570917721625914_1847606646058875456_n.jpg?stp=dst-jpg_s150x150&_nc_ht=scontent-atl3-1.cdninstagram.com&_nc_cat=106&_nc_ohc=d1S45W3GIUYQ7kNvgHtb4RH&edm=AP_V10EBAAAA&ccb=7-5&oh=00_AYDviS30Cudll75_dhJoZ4COJSEhvWo6OHDpPFqGScyKvw&oe=667CC139&_nc_sid=2999b8","matsaints0","https://www.instagram.com/p/C7nQZ1vPYYz/","Is astro's game going to be free?","2024-06-02T00:41:26.000Z"
"17882970873061741","0","https://scontent-atl3-2.cdninstagram.com/v/t51.2885-19/426432370_1773625746792437_4775671262103148402_n.jpg?stp=dst-jpg_s150x150&_nc_ht=scontent-atl3-2.cdninstagram.com&_nc_cat=105&_nc_ohc=W4ep-GMrnikQ7kNvgGRkAdm&edm=AP_V10EBAAAA&ccb=7-5&oh=00_AYDzFCn9_dAAQ-H3Go-6JwJktHlMUPTivj8zOB_n4E3PuA&oe=667CC7FF&_nc_sid=2999b8","jollirum","https://www.instagram.com/p/C7nQZ1vPYYz/","@crackkennedy massive troll account, everything you say is invalid. You sh¡tbird","2024-06-02T05:34:41.000Z"
"18047263693691210","0","https://scontent-atl3-1.cdninstagram.com/v/t51.2885-19/395457886_2624614714381467_2980836271007126995_n.jpg?stp=dst-jpg_s150x150&_nc_ht=scontent-atl3-1.cdninstagram.com&_nc_cat=103&_nc_ohc=mZcfKcl0aLMQ7kNvgFghXVE&edm=AP_V10EBAAAA&ccb=7-5&oh=00_AYAHkaVQKgkZqWTUGu8G5norkKQYX1fFBnzfR3ug82DGrw&oe=667CD532&_nc_sid=2999b8","kabiri_pedram","https://www.instagram.com/p/C7nQZ1vPYYz/","😍😍","2024-06-02T05:48:14.000Z"
"18353370427107186","0","https://scontent-atl3-2.cdninstagram.com/v/t51.2885-19/200718137_325903745605586_7982267702771671468_n.jpg?stp=dst-jpg_s150x150&_nc_ht=scontent-atl3-2.cdninstagram.com&_nc_cat=102&_nc_ohc=LCw2eB67hJIQ7kNvgGK5S-o&edm=AP_V10EBAAAA&ccb=7-5&oh=00_AYD_Y5TGfHfXTbDyUC0fy3lhsBF38jkheGvRefEmDrOpZw&oe=667CE288&_nc_sid=2999b8","j3ssef3ather","https://www.instagram.com/p/C7nQZ1vPYYz/","So, not much, huh?","2024-06-02T07:44:03.000Z"
"17914885877940190","0","https://scontent-atl3-2.cdninstagram.com/v/t51.2885-19/331372349_595766392092856_7436803287332916064_n.jpg?stp=dst-jpg_s150x150&_nc_ht=scontent-atl3-2.cdninstagram.com&_nc_cat=104&_nc_ohc=MfRUT1-3sz8Q7kNvgHSjBmR&edm=AP_V10EBAAAA&ccb=7-5&oh=00_AYBJM-O4YLdv5y1yp6IN_E9TzMqYN4yzkshdnGU0czE1Xg&oe=667CC07F&_nc_sid=2999b8","misterplay_","https://www.instagram.com/p/C7nQZ1vPYYz/","The playstation mascot","2024-06-02T09:52:33.000Z"
"17877865779068974","0","https://scontent-atl3-1.cdninstagram.com/v/t51.2885-19/394412511_175440678962710_7985670480834951153_n.jpg?stp=dst-jpg_s150x150&_nc_ht=scontent-atl3-1.cdninstagram.com&_nc_cat=110&_nc_ohc=xX5hsC_CL_8Q7kNvgF1CBO-&edm=AP_V10EBAAAA&ccb=7-5&oh=00_AYC1Hzf2rjBfQeF8RHDYD-7uRhFHeBOWlxFcBDtmg2LPrg&oe=667CE17F&_nc_sid=2999b8","_misak_cz","https://www.instagram.com/p/C7nQZ1vPYYz/","What is the price of astro bot?","2024-06-02T11:57:27.000Z"
"18313412833149887","0","https://scontent-atl3-1.cdninstagram.com/v/t51.2885-19/331003469_231527292606886_8023235375562816484_n.jpg?stp=dst-jpg_s150x150&_nc_ht=scontent-atl3-1.cdninstagram.com&_nc_cat=110&_nc_ohc=2Eb7gEbnCtYQ7kNvgH7sSm2&edm=AP_V10EBAAAA&ccb=7-5&oh=00_AYDVsN6AgxQfjGmwVNO69mfDAF-fOHENTiYC6EuPuyJOMw&oe=667CC620&_nc_sid=2999b8","rose_otl_","https://www.instagram.com/p/C7nQZ1vPYYz/","Playstation got a nice line up coming 🔥🔥🔥","2024-06-02T15:20:08.000Z"
"18006397802305673","0","https://scontent-atl3-2.cdninstagram.com/v/t51.2885-19/434450193_815460960409823_5720668170063387442_n.jpg?stp=dst-jpg_s150x150&_nc_ht=scontent-atl3-2.cdninstagram.com&_nc_cat=111&_nc_ohc=dENCFU8uj44Q7kNvgGJHRdh&edm=AP_V10EBAAAA&ccb=7-5&oh=00_AYCvAh-3jUt5lolshpUnRVcAeaDEunbKq-WY3zg_TFZXgg&oe=667CCB77&_nc_sid=2999b8","_geghart_","https://www.instagram.com/p/C7nQZ1vPYYz/","@jacksonpoole13 oh jack you gay little thing. For the past 4 years since 2020 our expectations have been lower then every gaming consoles exclusives and deals. Let alone offbrand indie games for almost 2 years now being displayed like it's ps3 days","2024-06-02T16:02:25.000Z"
"17925470582899518","0","https://scontent-atl3-2.cdninstagram.com/v/t51.2885-19/447641748_453400854281953_6695252359945100771_n.jpg?stp=dst-jpg_s150x150&_nc_ht=scontent-atl3-2.cdninstagram.com&_nc_cat=101&_nc_ohc=D7VKZGCycZ8Q7kNvgGDRlnw&edm=AP_V10EBAAAA&ccb=7-5&oh=00_AYClBHt9583KouuLAplqa1JRrmTlAy6w7b_v5lvSo7uWhA&oe=667CC895&_nc_sid=2999b8","jonscotberry","https://www.instagram.com/p/C7nQZ1vPYYz/","@leafs_fan_1990 everying xbox coming to PS. Lol. No one cares tho cuz everything except hifi rush and Pentament is 🗑️","2024-06-02T18:50:11.000Z"
"17997125717632070","0","https://scontent-atl3-2.cdninstagram.com/v/t51.2885-19/405230736_296523879364973_6155562822148642859_n.jpg?stp=dst-jpg_s150x150&_nc_ht=scontent-atl3-2.cdninstagram.com&_nc_cat=105&_nc_ohc=8RVCEUm18xYQ7kNvgEYPJ6y&edm=AP_V10EBAAAA&ccb=7-5&oh=00_AYD52dmcxiUJVMG1nUGrLg8acaBnzr1I4xxxcCdopzpfMg&oe=667CD720&_nc_sid=2999b8","overqualifications","https://www.instagram.com/p/C7nQZ1vPYYz/","@1madpanda You know Phil Spencer himself said Xbox lost this generation right? LOL. Go ahead and argue against the CEO who has all the stats and connections that you don’t have.","2024-06-02T21:38:32.000Z"
"18021638096471256","0","https://scontent-atl3-1.cdninstagram.com/v/t51.2885-19/311465047_2126127260924181_842247572800162899_n.jpg?stp=dst-jpg_s150x150&_nc_ht=scontent-atl3-1.cdninstagram.com&_nc_cat=109&_nc_ohc=nzgU_4Jcd04Q7kNvgG8F3x7&edm=AP_V10EBAAAA&ccb=7-5&oh=00_AYBAd99Mfypx4LxpMAQbkRXfT7o7oj9Zxyi7YPavQ5Datg&oe=667CBEEA&_nc_sid=2999b8","ciprian.luca212","https://www.instagram.com/p/C7nQZ1vPYYz/","@_karibay_ it’s not about that, the experience of PS5 controller is something else for every game, Im glad that PC gamers will experience God of War Ragnarok, it was amazing. And on PC im using 4080ti and I7 14700k and still got some frames on ultra when I play Hogwarts Legacy, on PS5 runs smoothly. Everybody has a preference, me personally, I like PS5 gaming experience more. But still, everybody should experience great titles like God Of War Ragnarok and Ghost of Tsushima.","2024-06-03T04:32:54.000Z"
"18263483836215937","0","https://scontent-atl3-2.cdninstagram.com/v/t51.2885-19/122012987_109419930946151_7655256237213556143_n.jpg?stp=dst-jpg_s150x150&_nc_ht=scontent-atl3-2.cdninstagram.com&_nc_cat=111&_nc_ohc=CXaECeXsmzMQ7kNvgFMLmxe&edm=AP_V10EBAAAA&ccb=7-5&oh=00_AYCJR6x5Yzaq0CjaqrJ91j0l_uDsoJrkvWqLyKJ9Gdnv1Q&oe=667CD6B2&_nc_sid=2999b8","1madpanda","https://www.instagram.com/p/C7nQZ1vPYYz/","@overqualifications yeah man xbox lost. Go ahead and enjoy your state of play games. Can't talk too busy enjoying my game pass","2024-06-03T05:31:13.000Z"
"18027508147925599","0","https://scontent-atl3-2.cdninstagram.com/v/t51.2885-19/448341439_1015493523431117_1130876124444687906_n.jpg?stp=dst-jpg_s150x150&_nc_ht=scontent-atl3-2.cdninstagram.com&_nc_cat=105&_nc_ohc=4ugsUXPa-NMQ7kNvgHgnDyi&edm=AP_V10EBAAAA&ccb=7-5&oh=00_AYCzblFi5r6Mv-0aBus6Rgxf_PZleLSDGP3o00GjAlXqew&oe=667CC0B5&_nc_sid=2999b8","troy.hall75","https://www.instagram.com/p/C7nQZ1vPYYz/","@leafs_fan_1990 💀","2024-06-03T06:46:35.000Z"
"17928074153890940","0","https://scontent-atl3-2.cdninstagram.com/v/t51.2885-19/424485708_655097073295981_3283111483959403510_n.jpg?stp=dst-jpg_s150x150&_nc_ht=scontent-atl3-2.cdninstagram.com&_nc_cat=101&_nc_ohc=DLK8Kt8lPMQQ7kNvgHfs56_&edm=AP_V10EBAAAA&ccb=7-5&oh=00_AYCVUgdmV7N7b3hkgKtf3mY9SIYH63_jqsr5fmHZ8_YA8g&oe=667CC670&_nc_sid=2999b8","tomropikis","https://www.instagram.com/p/C7nQZ1vPYYz/","👏👏👏","2024-06-03T13:48:10.000Z"
"18095381299380165","0","https://scontent-atl3-1.cdninstagram.com/v/t51.2885-19/438440911_1486341865336605_673378386492340053_n.jpg?stp=dst-jpg_s150x150&_nc_ht=scontent-atl3-1.cdninstagram.com&_nc_cat=109&_nc_ohc=LXM1G_ikc8IQ7kNvgFoC8QH&edm=AP_V10EBAAAA&ccb=7-5&oh=00_AYCdbvqZkC2nkO3P8iRC34gYR0tVObVsNvLKaUJ5TwR6qA&oe=667CDDDC&_nc_sid=2999b8","lucaj1395","https://www.instagram.com/p/C7nQZ1vPYYz/","It was a good damn demo played the shit outta that for the first week of owning ps5","2024-06-04T01:06:28.000Z"
"18314770789197788","0","https://scontent-atl3-1.cdninstagram.com/v/t51.2885-19/438440911_1486341865336605_673378386492340053_n.jpg?stp=dst-jpg_s150x150&_nc_ht=scontent-atl3-1.cdninstagram.com&_nc_cat=109&_nc_ohc=LXM1G_ikc8IQ7kNvgFoC8QH&edm=AP_V10EBAAAA&ccb=7-5&oh=00_AYCdbvqZkC2nkO3P8iRC34gYR0tVObVsNvLKaUJ5TwR6qA&oe=667CDDDC&_nc_sid=2999b8","lucaj1395","https://www.instagram.com/p/C7nQZ1vPYYz/","@cris_torres_x it's always like a year or two after it's on PlayStation at that point no one cares anymore","2024-06-04T01:07:56.000Z"
"17997397382623393","0","https://scontent-atl3-2.cdninstagram.com/v/t51.2885-19/432688472_2228553574153541_4009834831883817110_n.jpg?stp=dst-jpg_s150x150&_nc_ht=scontent-atl3-2.cdninstagram.com&_nc_cat=105&_nc_ohc=GT-hkBqrRqgQ7kNvgEtz6wj&edm=AP_V10EBAAAA&ccb=7-5&oh=00_AYAihkl7cp0r9kDcP5p_klbBor16eeQgInqTQ_yLamAZjQ&oe=667CE24F&_nc_sid=2999b8","chaudhrybilalnadeem","https://www.instagram.com/p/C7nQZ1vPYYz/","Concord 🙌","2024-06-04T10:55:23.000Z"
"18268781974233300","0","https://scontent-atl3-1.cdninstagram.com/v/t51.2885-19/398255022_657090729915655_1736562646405854192_n.jpg?stp=dst-jpg_s150x150&_nc_ht=scontent-atl3-1.cdninstagram.com&_nc_cat=107&_nc_ohc=9WrN0CNJ0K4Q7kNvgFkIzGD&edm=AP_V10EBAAAA&ccb=7-5&oh=00_AYABYxztMSq4kg7Lz1SWGL_J83QRKL_AeWsW8J7glN_rGA&oe=667CDDA8&_nc_sid=2999b8","wankgodofanalcombustion","https://www.instagram.com/p/C7nQZ1vPYYz/","","2024-06-04T14:51:50.000Z"
"17999248238625181","0","https://scontent-atl3-2.cdninstagram.com/v/t51.2885-19/96585676_277032820124582_8924511732609581056_n.jpg?stp=dst-jpg_s150x150&_nc_ht=scontent-atl3-2.cdninstagram.com&_nc_cat=102&_nc_ohc=XVUe9_zncdgQ7kNvgFRD9_z&edm=AP_V10EBAAAA&ccb=7-5&oh=00_AYCc3htgO9E-aRefHzOaUIhT48UDLs6W6jlJv_l63t1UXw&oe=667CB3E4&_nc_sid=2999b8","klassikmike_yt","https://www.instagram.com/p/C7nQZ1vPYYz/","We live in times that announcement doesn’t excite me anymore","2024-06-04T15:46:28.000Z"
"18013748129377134","0","https://scontent-atl3-1.cdninstagram.com/v/t51.2885-19/284132103_141878521756707_8477616934292802264_n.jpg?stp=dst-jpg_s150x150&_nc_ht=scontent-atl3-1.cdninstagram.com&_nc_cat=103&_nc_ohc=eV5HbCfVkvwQ7kNvgFCIuRM&edm=AP_V10EBAAAA&ccb=7-5&oh=00_AYBX6XsBoq1Xhok9ZOFa1hDJ3X_602C2YnSEGeZD83hY4Q&oe=667CC52B&_nc_sid=2999b8","molinari_marco_82","https://www.instagram.com/p/C7nQZ1vPYYz/","Olso for psvr2?","2024-06-05T10:08:08.000Z"
"18054197947572139","0","https://scontent-atl3-1.cdninstagram.com/v/t51.2885-19/431892030_826699829197566_6138040024161593671_n.jpg?stp=dst-jpg_s150x150&_nc_ht=scontent-atl3-1.cdninstagram.com&_nc_cat=106&_nc_ohc=pvN4Nw4L49sQ7kNvgGeLiuC&edm=AP_V10EBAAAA&ccb=7-5&oh=00_AYBHQMk07VuKEVV4EF_vSYHnVSvrblg5dDHx92JqeCkEMQ&oe=667CCB1D&_nc_sid=2999b8","bethoven_9067","https://www.instagram.com/p/C7nQZ1vPYYz/","@cris_torres_x does it hurt you?","2024-06-05T17:20:47.000Z"
"17883300312000209","0","https://scontent-atl3-1.cdninstagram.com/v/t51.2885-19/448997916_7791891920923563_5683648440521804183_n.jpg?stp=dst-jpg_s150x150&_nc_ht=scontent-atl3-1.cdninstagram.com&_nc_cat=103&_nc_ohc=E1z1imxweDEQ7kNvgG5OVun&edm=AP_V10EBAAAA&ccb=7-5&oh=00_AYC8UtrIyGWZ1tlf6uqMy8K5JX2nZ1wuVHuxhJnTYiLjow&oe=667CD700&_nc_sid=2999b8","shrouded_blackness","https://www.instagram.com/p/C7nQZ1vPYYz/","@r_27goat Bro el astro bot😍","2024-06-06T02:44:08.000Z"
"18031891594995657","0","https://scontent-atl3-2.cdninstagram.com/v/t51.2885-19/436197032_3441852482772772_8293791261187699316_n.jpg?stp=dst-jpg_s150x150&_nc_ht=scontent-atl3-2.cdninstagram.com&_nc_cat=104&_nc_ohc=M2TCnGfW3GwQ7kNvgFGGldn&edm=AP_V10EBAAAA&ccb=7-5&oh=00_AYATfGDusMHg_CylYXDit_aqGrO_XX6YYBVnruJiLenQ9A&oe=667CC82F&_nc_sid=2999b8","mohammadmlp88","https://www.instagram.com/p/C7nQZ1vPYYz/","Ps4","2024-06-06T12:11:31.000Z"
"17848201311203178","0","https://scontent-atl3-1.cdninstagram.com/v/t51.2885-19/429561578_913824727133730_4931153381888959828_n.jpg?stp=dst-jpg_s150x150&_nc_ht=scontent-atl3-1.cdninstagram.com&_nc_cat=106&_nc_ohc=oCVxbQaB8j0Q7kNvgHkKTy5&edm=AP_V10EBAAAA&ccb=7-5&oh=00_AYB6fhoWYVSJynR7BA9JljrdUlPm4CBH8bVv9CpuvpoSUQ&oe=667CB30C&_nc_sid=2999b8","7thwardflayer","https://www.instagram.com/p/C7nQZ1vPYYz/","Can y’all pls bring little big planet back rather play than this","2024-06-07T18:31:01.000Z"
"18271067971228784","0","https://scontent-atl3-1.cdninstagram.com/v/t51.2885-19/376849470_162001316944891_5153940621685327730_n.jpg?stp=dst-jpg_s150x150&_nc_ht=scontent-atl3-1.cdninstagram.com&_nc_cat=107&_nc_ohc=up-oQxKJDS8Q7kNvgEKwTLm&edm=AP_V10EBAAAA&ccb=7-5&oh=00_AYC6SB1sOXzI9gCRW4OdhIx9pkg10n5lqfpYL0pj8F9dog&oe=667CB1F3&_nc_sid=2999b8","lightstar_69","https://www.instagram.com/p/C7nQZ1vPYYz/","Mache erst das tolle erste Spiel noch fertig und das Neue steht schon suf meiner Liste ❤️","2024-06-13T11:00:53.000Z"
"17880294081066931","0","https://scontent-atl3-2.cdninstagram.com/v/t51.2885-19/448395996_1624809644985817_5214092054571968293_n.jpg?stp=dst-jpg_s150x150&_nc_ht=scontent-atl3-2.cdninstagram.com&_nc_cat=101&_nc_ohc=2gsS8Iy6JPIQ7kNvgFNDH-T&edm=AP_V10EBAAAA&ccb=7-5&oh=00_AYAme-XRKw8vcZdI16g32bzINGOS4dszX3AdJ0kUO870rw&oe=667CE0A2&_nc_sid=2999b8","gavinbarnett97","https://www.instagram.com/p/C7nQZ1vPYYz/","@jack.kennedyy420 gran turismo, infamous, ratchet and clank, shadow of colossus, hotizon zero dawn and forbidden west, ghost of tsushima, uncharted, spider-man, last of us, God of war, parappa the rapper, sly cooper, days gone, bloodborne, last guardian, until dawn, Detroit become human, death stranding, sackboy and little big planet, returnal, and astro bot. Unlike with what you said I can actually go on, and that is not counting all the games in the franchises I mention like gow and ratchet and clank. Also if I were including games that started off exclusive, which you did, i could go even longer with p5r and final fantasy vii.","2024-06-13T11:56:53.000Z"
"18032771654050349","0","https://scontent-atl3-1.cdninstagram.com/v/t51.2885-19/433091266_1186346395666615_1702949694011671202_n.jpg?stp=dst-jpg_s150x150&_nc_ht=scontent-atl3-1.cdninstagram.com&_nc_cat=107&_nc_ohc=mCAFM9tM4gkQ7kNvgFI282d&edm=AP_V10EBAAAA&ccb=7-5&oh=00_AYDSRoL139twa76XSS1WgsT0URl47ljJSrkaNQvGP8VFzw&oe=667CE2FD&_nc_sid=2999b8","jack.kennedyy420","https://www.instagram.com/p/C7nQZ1vPYYz/","most of them are on PC, so not exclusive 😂","2024-06-13T12:34:14.000Z"
"17848066656231467","0","https://scontent-atl3-2.cdninstagram.com/v/t51.2885-19/448395996_1624809644985817_5214092054571968293_n.jpg?stp=dst-jpg_s150x150&_nc_ht=scontent-atl3-2.cdninstagram.com&_nc_cat=101&_nc_ohc=2gsS8Iy6JPIQ7kNvgFNDH-T&edm=AP_V10EBAAAA&ccb=7-5&oh=00_AYAme-XRKw8vcZdI16g32bzINGOS4dszX3AdJ0kUO870rw&oe=667CE0A2&_nc_sid=2999b8","gavinbarnett97","https://www.instagram.com/p/C7nQZ1vPYYz/","@jack.kennedyy420 every game on Xbox is on pc. Even if some are om pc, playstation has some that aren't on pc, you don't. THE only good thing about xbox is gamepass, and that is on pc.","2024-06-13T16:10:17.000Z"
"18043733446718857","0","https://scontent-atl3-1.cdninstagram.com/v/t51.2885-19/433091266_1186346395666615_1702949694011671202_n.jpg?stp=dst-jpg_s150x150&_nc_ht=scontent-atl3-1.cdninstagram.com&_nc_cat=107&_nc_ohc=mCAFM9tM4gkQ7kNvgFI282d&edm=AP_V10EBAAAA&ccb=7-5&oh=00_AYDSRoL139twa76XSS1WgsT0URl47ljJSrkaNQvGP8VFzw&oe=667CE2FD&_nc_sid=2999b8","jack.kennedyy420","https://www.instagram.com/p/C7nQZ1vPYYz/","Nope, a lot aren't on PC, Forza Motorsport, Halo 5, gears of war, fable, ninja gaiden, lost Odyssey, crackdown. The last true ps exclusive was Astros playroom 😂","2024-06-14T02:42:40.000Z"
"18028878542117058","0","https://scontent-atl3-2.cdninstagram.com/v/t51.2885-19/448395996_1624809644985817_5214092054571968293_n.jpg?stp=dst-jpg_s150x150&_nc_ht=scontent-atl3-2.cdninstagram.com&_nc_cat=101&_nc_ohc=2gsS8Iy6JPIQ7kNvgFNDH-T&edm=AP_V10EBAAAA&ccb=7-5&oh=00_AYAme-XRKw8vcZdI16g32bzINGOS4dszX3AdJ0kUO870rw&oe=667CE0A2&_nc_sid=2999b8","gavinbarnett97","https://www.instagram.com/p/C7nQZ1vPYYz/","@jack.kennedyy420 god of war ragnarok, ff7 rebirth, spider-man 2, horizon forbidden west, returnal, sackboy, and probably more that I can't remember off the top of my head. All games after astro playroom that aren't on pc and only ps5 and/or ps4","2024-06-14T13:24:53.000Z"
"17954584502792833","0","https://scontent-atl3-1.cdninstagram.com/v/t51.2885-19/433091266_1186346395666615_1702949694011671202_n.jpg?stp=dst-jpg_s150x150&_nc_ht=scontent-atl3-1.cdninstagram.com&_nc_cat=107&_nc_ohc=mCAFM9tM4gkQ7kNvgFI282d&edm=AP_V10EBAAAA&ccb=7-5&oh=00_AYDSRoL139twa76XSS1WgsT0URl47ljJSrkaNQvGP8VFzw&oe=667CE2FD&_nc_sid=2999b8","jack.kennedyy420","https://www.instagram.com/p/C7nQZ1vPYYz/","3 of them are on PC, try again 😂","2024-06-14T13:27:00.000Z"
"18048924934688343","0","https://scontent-atl3-2.cdninstagram.com/v/t51.2885-19/448395996_1624809644985817_5214092054571968293_n.jpg?stp=dst-jpg_s150x150&_nc_ht=scontent-atl3-2.cdninstagram.com&_nc_cat=101&_nc_ohc=2gsS8Iy6JPIQ7kNvgFNDH-T&edm=AP_V10EBAAAA&ccb=7-5&oh=00_AYAme-XRKw8vcZdI16g32bzINGOS4dszX3AdJ0kUO870rw&oe=667CE0A2&_nc_sid=2999b8","gavinbarnett97","https://www.instagram.com/p/C7nQZ1vPYYz/","@jack.kennedyy420 you're right I apologize I didn't realize returnal horizon and sackboy were on pc. But what does it matter? It doesn't change the fact that there are tons of good games you can play on plaustation which many aren't on pc though, that you don't have on Xbox. You don't have any  good games and all your modern ones are on pc. And bunch of xbox games are going to playstation","2024-06-14T14:27:10.000Z"
"17961936662772519","0","https://scontent-atl3-1.cdninstagram.com/v/t51.2885-19/433091266_1186346395666615_1702949694011671202_n.jpg?stp=dst-jpg_s150x150&_nc_ht=scontent-atl3-1.cdninstagram.com&_nc_cat=107&_nc_ohc=mCAFM9tM4gkQ7kNvgFI282d&edm=AP_V10EBAAAA&ccb=7-5&oh=00_AYDSRoL139twa76XSS1WgsT0URl47ljJSrkaNQvGP8VFzw&oe=667CE2FD&_nc_sid=2999b8","jack.kennedyy420","https://www.instagram.com/p/C7nQZ1vPYYz/","no point arguing with you you're literally going in circles 😂😂","2024-06-14T14:34:48.000Z"
"17997232628448699","0","https://scontent-atl3-2.cdninstagram.com/v/t51.2885-19/448395996_1624809644985817_5214092054571968293_n.jpg?stp=dst-jpg_s150x150&_nc_ht=scontent-atl3-2.cdninstagram.com&_nc_cat=101&_nc_ohc=2gsS8Iy6JPIQ7kNvgFNDH-T&edm=AP_V10EBAAAA&ccb=7-5&oh=00_AYAme-XRKw8vcZdI16g32bzINGOS4dszX3AdJ0kUO870rw&oe=667CE0A2&_nc_sid=2999b8","gavinbarnett97","https://www.instagram.com/p/C7nQZ1vPYYz/","@jack.kennedyy420 all your ganes are going to playstation. Sea of thieves and hi fi rush already did. You just couldn't come up with a reply and are trolling. Playstation games are almost objectively better then any xbox exclusive.","2024-06-14T15:30:14.000Z"
"18025495781182482","0","https://scontent-atl3-1.cdninstagram.com/v/t51.2885-19/433091266_1186346395666615_1702949694011671202_n.jpg?stp=dst-jpg_s150x150&_nc_ht=scontent-atl3-1.cdninstagram.com&_nc_cat=107&_nc_ohc=mCAFM9tM4gkQ7kNvgFI282d&edm=AP_V10EBAAAA&ccb=7-5&oh=00_AYDSRoL139twa76XSS1WgsT0URl47ljJSrkaNQvGP8VFzw&oe=667CE2FD&_nc_sid=2999b8","jack.kennedyy420","https://www.instagram.com/p/C7nQZ1vPYYz/","Lmfao perfect dark, fable, sunset overdrive and stalker alone has more variety and is better than any PlayStation game ever released (except sly) 😂😂","2024-06-15T03:12:19.000Z"
"17884270599000333","0","https://scontent-atl3-2.cdninstagram.com/v/t51.2885-19/448395996_1624809644985817_5214092054571968293_n.jpg?stp=dst-jpg_s150x150&_nc_ht=scontent-atl3-2.cdninstagram.com&_nc_cat=101&_nc_ohc=2gsS8Iy6JPIQ7kNvgFNDH-T&edm=AP_V10EBAAAA&ccb=7-5&oh=00_AYAme-XRKw8vcZdI16g32bzINGOS4dszX3AdJ0kUO870rw&oe=667CE0A2&_nc_sid=2999b8","gavinbarnett97","https://www.instagram.com/p/C7nQZ1vPYYz/","@jack.kennedyy420 ratchet and clank alone destroys any xbox game regarding variety. Og gow games are great and different hack and slashes, ataor playroom uses the controller as a part of the game unlike any other game. You cannot talk about variety with xbox compared to playstation.","2024-06-15T15:40:38.000Z"
"18190261516292775","0","https://scontent-atl3-1.cdninstagram.com/v/t51.2885-19/433091266_1186346395666615_1702949694011671202_n.jpg?stp=dst-jpg_s150x150&_nc_ht=scontent-atl3-1.cdninstagram.com&_nc_cat=107&_nc_ohc=mCAFM9tM4gkQ7kNvgFI282d&edm=AP_V10EBAAAA&ccb=7-5&oh=00_AYDSRoL139twa76XSS1WgsT0URl47ljJSrkaNQvGP8VFzw&oe=667CE2FD&_nc_sid=2999b8","jack.kennedyy420","https://www.instagram.com/p/C7nQZ1vPYYz/","lmao ratchet and Clank is a 3d platformer, there's really no variety to it, Xbox had platformers too. And for hack and slash, ninja gaiden, bloodrayne which is arguably better than gow, PlayStation has literally no RPGs lol and the last time they made a first person game was over a decade ago with the flop they call killzone shadow fall. I really don't think you understand the meaning on variety.","2024-06-15T15:54:32.000Z"
"17932369031855542","0","https://scontent-atl3-2.cdninstagram.com/v/t51.2885-19/448395996_1624809644985817_5214092054571968293_n.jpg?stp=dst-jpg_s150x150&_nc_ht=scontent-atl3-2.cdninstagram.com&_nc_cat=101&_nc_ohc=2gsS8Iy6JPIQ7kNvgFNDH-T&edm=AP_V10EBAAAA&ccb=7-5&oh=00_AYAme-XRKw8vcZdI16g32bzINGOS4dszX3AdJ0kUO870rw&oe=667CE0A2&_nc_sid=2999b8","gavinbarnett97","https://www.instagram.com/p/C7nQZ1vPYYz/","@jack.kennedyy420 ratchet and clank guns are the definition of variety. I don't think you know what that franchise is. No rpgs? You forget the whole ps1/2 era where it was one rog after another. One if not the most popular rpg is ff7 which was originally a ps1 exclusive. And jow ff7 rebirth, rpg doesn't mean turn based. Ff7 rebirth is an rpg. Even the new gow games could be argued to be a action rpg. Learn the definition of rpg because there is more than just turn based.","2024-06-15T16:03:14.000Z"
"18294094966160833","0","https://scontent-atl3-1.cdninstagram.com/v/t51.2885-19/433091266_1186346395666615_1702949694011671202_n.jpg?stp=dst-jpg_s150x150&_nc_ht=scontent-atl3-1.cdninstagram.com&_nc_cat=107&_nc_ohc=mCAFM9tM4gkQ7kNvgFI282d&edm=AP_V10EBAAAA&ccb=7-5&oh=00_AYDSRoL139twa76XSS1WgsT0URl47ljJSrkaNQvGP8VFzw&oe=667CE2FD&_nc_sid=2999b8","jack.kennedyy420","https://www.instagram.com/p/C7nQZ1vPYYz/","Nobody said anything about guns or turn based lmao and you just contradicted yourself like 3 times, you're obviously a child so you're never gonna admit you're wrong. 😂","2024-06-15T16:05:53.000Z"
"17851231458217277","0","https://scontent-atl3-2.cdninstagram.com/v/t51.2885-19/448395996_1624809644985817_5214092054571968293_n.jpg?stp=dst-jpg_s150x150&_nc_ht=scontent-atl3-2.cdninstagram.com&_nc_cat=101&_nc_ohc=2gsS8Iy6JPIQ7kNvgFNDH-T&edm=AP_V10EBAAAA&ccb=7-5&oh=00_AYAme-XRKw8vcZdI16g32bzINGOS4dszX3AdJ0kUO870rw&oe=667CE0A2&_nc_sid=2999b8","gavinbarnett97","https://www.instagram.com/p/C7nQZ1vPYYz/","@jack.kennedyy420 I mentioned guns because that is where the variety comes in with ratchet and clank. And then I mentioned turn based because I assumed you were talking about that when you were mentioning rpgs, because if you weren't talking about them you were just wrong because playstation has tons of rpgs.","2024-06-15T16:11:39.000Z"
"18030356435031599","0","https://scontent-atl3-1.cdninstagram.com/v/t51.2885-19/433091266_1186346395666615_1702949694011671202_n.jpg?stp=dst-jpg_s150x150&_nc_ht=scontent-atl3-1.cdninstagram.com&_nc_cat=107&_nc_ohc=mCAFM9tM4gkQ7kNvgFI282d&edm=AP_V10EBAAAA&ccb=7-5&oh=00_AYDSRoL139twa76XSS1WgsT0URl47ljJSrkaNQvGP8VFzw&oe=667CE2FD&_nc_sid=2999b8","jack.kennedyy420","https://www.instagram.com/p/C7nQZ1vPYYz/","So you're contradicting yourself again lmfao. ""Not all RPGs are turn based"" but you brought up RPGs because you thought I was talking about turn based. And I'm not talking about guns in games for variety. I'm talking about actual games. PlayStation hasnt had an rpg for over a decade. PlayStation has no variety, it's over the shoulder third person shooter #1, over the shoulder action adventure 1 and repeat.","2024-06-16T02:25:10.000Z"
"18118407181375128","0","https://scontent-atl3-2.cdninstagram.com/v/t51.2885-19/448395996_1624809644985817_5214092054571968293_n.jpg?stp=dst-jpg_s150x150&_nc_ht=scontent-atl3-2.cdninstagram.com&_nc_cat=101&_nc_ohc=2gsS8Iy6JPIQ7kNvgFNDH-T&edm=AP_V10EBAAAA&ccb=7-5&oh=00_AYAme-XRKw8vcZdI16g32bzINGOS4dszX3AdJ0kUO870rw&oe=667CE0A2&_nc_sid=2999b8","gavinbarnett97","https://www.instagram.com/p/C7nQZ1vPYYz/","@jack.kennedyy420 that is just completely incorrect. Ff16, p5r started as a playstation exclusive, ghost of tsushima. Even ff7 rebirth which I mentioned earlier. You just proved you couldn't read or do research.","2024-06-16T02:45:39.000Z"
"18089578027450128","0","https://scontent-atl3-1.cdninstagram.com/v/t51.2885-19/433091266_1186346395666615_1702949694011671202_n.jpg?stp=dst-jpg_s150x150&_nc_ht=scontent-atl3-1.cdninstagram.com&_nc_cat=107&_nc_ohc=mCAFM9tM4gkQ7kNvgFI282d&edm=AP_V10EBAAAA&ccb=7-5&oh=00_AYDSRoL139twa76XSS1WgsT0URl47ljJSrkaNQvGP8VFzw&oe=667CE2FD&_nc_sid=2999b8","jack.kennedyy420","https://www.instagram.com/p/C7nQZ1vPYYz/","ngl I forgot about ff16, but it's on PC and coming to Xbox so idc, persona is on all consoles and it's an overrated series, couldn't care. ghost of Tsushima isn't an rpg. I'll give you rebirth, but that's all y'all have is final fantasy RPGs basically. Xbox still has a lot more.","2024-06-16T02:55:17.000Z"
"18014221196167440","0","https://scontent-atl3-2.cdninstagram.com/v/t51.2885-19/448395996_1624809644985817_5214092054571968293_n.jpg?stp=dst-jpg_s150x150&_nc_ht=scontent-atl3-2.cdninstagram.com&_nc_cat=101&_nc_ohc=2gsS8Iy6JPIQ7kNvgFNDH-T&edm=AP_V10EBAAAA&ccb=7-5&oh=00_AYAme-XRKw8vcZdI16g32bzINGOS4dszX3AdJ0kUO870rw&oe=667CE0A2&_nc_sid=2999b8","gavinbarnett97","https://www.instagram.com/p/C7nQZ1vPYYz/","@jack.kennedyy420 ghost of tsushima is, at least it was labeled rpg on the store. And half of the rpgs don't soundtrack because you don't care? That doesn't make sense. You may not like persona but a lot of people do.  And again xbox has a couple of games not on pc but the rest are. That's because microsoft makes pcs. Even game pass is on pc. Just because some halo game and forza aren't on pc doesn't mean everything else ain't. YOUR logic just doesn't make sense.","2024-06-16T02:59:01.000Z"
"18045637258664998","0","https://scontent-atl3-1.cdninstagram.com/v/t51.2885-19/433091266_1186346395666615_1702949694011671202_n.jpg?stp=dst-jpg_s150x150&_nc_ht=scontent-atl3-1.cdninstagram.com&_nc_cat=107&_nc_ohc=mCAFM9tM4gkQ7kNvgFI282d&edm=AP_V10EBAAAA&ccb=7-5&oh=00_AYDSRoL139twa76XSS1WgsT0URl47ljJSrkaNQvGP8VFzw&oe=667CE2FD&_nc_sid=2999b8","jack.kennedyy420","https://www.instagram.com/p/C7nQZ1vPYYz/","Ghost of Tsushima is an action adventure game. So the only RPGs are persona and final fantasy, which are pretty much available everywhere. So every rpg on PlayStation is 3rd party and pretty much available elsewhere","2024-06-16T03:04:37.000Z"
"18107137399401126","0","https://scontent-atl3-2.cdninstagram.com/v/t51.2885-19/448395996_1624809644985817_5214092054571968293_n.jpg?stp=dst-jpg_s150x150&_nc_ht=scontent-atl3-2.cdninstagram.com&_nc_cat=101&_nc_ohc=2gsS8Iy6JPIQ7kNvgFNDH-T&edm=AP_V10EBAAAA&ccb=7-5&oh=00_AYAme-XRKw8vcZdI16g32bzINGOS4dszX3AdJ0kUO870rw&oe=667CE0A2&_nc_sid=2999b8","gavinbarnett97","https://www.instagram.com/p/C7nQZ1vPYYz/","@jack.kennedyy420 I'm not checking if these games are on pc, because even if they are the only console you can play them on is playstation. These are all rpgs:  Horizon zero dawn, Horizon Forbidden west, bloodeborne, possibly the newer gow games, the original persona 5,  ff16, ff7 remake, and ff7 rebirth. And I understand persona being everywhere because you can get royal anywhere, but ff16 is only on ps5 and pc, and ff7 rebirth is only on ps5 so saying it is avaliable everywhere is just incorrect.","2024-06-16T12:03:56.000Z"
"17875988823096483","0","https://scontent-atl3-2.cdninstagram.com/v/t51.2885-19/447706611_3846501882286262_8176421935197595989_n.jpg?stp=dst-jpg_s150x150&_nc_ht=scontent-atl3-2.cdninstagram.com&_nc_cat=102&_nc_ohc=6TIrIFAYu5EQ7kNvgHKb2Nb&edm=AP_V10EBAAAA&ccb=7-5&oh=00_AYBRjP5oMf4azeZB3BxsPT3Ok6uu3QfrhXjHRcVhoh7aMQ&oe=667CC63B&_nc_sid=2999b8","leobdy__","https://www.instagram.com/p/C8AT4-mPpdn/","👏","2024-06-21T00:09:25.000Z"
"18029175374287344","0","https://scontent-atl3-1.cdninstagram.com/v/t51.2885-19/447912772_3798581433745644_8012288426463039289_n.jpg?stp=dst-jpg_s150x150&_nc_ht=scontent-atl3-1.cdninstagram.com&_nc_cat=100&_nc_ohc=7EAvxdavWRYQ7kNvgGSiAVH&edm=AP_V10EBAAAA&ccb=7-5&oh=00_AYCq22Bkj1Wn_nsYLJuxJywXdQdtyzVyzqwcdX9OJfGBnQ&oe=667CBD9F&_nc_sid=2999b8","arez.c.mziry","https://www.instagram.com/p/C8AT4-mPpdn/","Is fc 24 coming to game pass???","2024-06-21T01:59:29.000Z"
"17942608907731244","0","https://scontent-atl3-1.cdninstagram.com/v/t51.2885-19/411622434_352168537409439_5841923270832198509_n.jpg?stp=dst-jpg_s150x150&_nc_ht=scontent-atl3-1.cdninstagram.com&_nc_cat=103&_nc_ohc=6x-WnPeqD9cQ7kNvgGsuF8T&edm=AP_V10EBAAAA&ccb=7-5&oh=00_AYCycmV8O8E9wEXIzqPJeNL3OHpHWcn3HFRepaaLlHFgig&oe=667CC80E&_nc_sid=2999b8","_avci_oglu_","https://www.instagram.com/p/C8AT4-mPpdn/","👏","2024-06-21T02:25:45.000Z"
"17975746244592182","0","https://scontent-atl3-1.cdninstagram.com/v/t51.2885-19/428714629_980437457025666_980133176246545396_n.jpg?stp=dst-jpg_s150x150&_nc_ht=scontent-atl3-1.cdninstagram.com&_nc_cat=106&_nc_ohc=p9867QtLYd8Q7kNvgF3xoOt&edm=AP_V10EBAAAA&ccb=7-5&oh=00_AYDh0eKAq4JXqrxPYQxcJYZvsF3Qv3QrjJo4540YcbH4qg&oe=667CCCEC&_nc_sid=2999b8","anthony.reavis53","https://www.instagram.com/p/C8AT4-mPpdn/","Xbox I love you but don't display your logo as supporting as a particular movement because not everyone agrees with it so please keep it simple so it doesn't trigger people","2024-06-21T02:53:01.000Z"
"18043204606867075","0","https://scontent-atl3-1.cdninstagram.com/v/t51.2885-19/429452236_417465334094868_2966494701061687395_n.jpg?stp=dst-jpg_s150x150&_nc_ht=scontent-atl3-1.cdninstagram.com&_nc_cat=100&_nc_ohc=udsStNVcAeoQ7kNvgFCKy1A&edm=AP_V10EBAAAA&ccb=7-5&oh=00_AYAa7Y8PuhQwLwC5TvQqmQngu6gsfnUzGpuNz1q55KGH2w&oe=667CBF43&_nc_sid=2999b8","z3r0_es0t3r1c","https://www.instagram.com/p/C8AT4-mPpdn/","Hifi Rush is better than all of these","2024-06-21T03:33:24.000Z"
"17935511294763068","0","https://scontent-atl3-1.cdninstagram.com/v/t51.2885-19/428956298_1894825714307424_7365405725637683315_n.jpg?stp=dst-jpg_s150x150&_nc_ht=scontent-atl3-1.cdninstagram.com&_nc_cat=100&_nc_ohc=eZLa65kWIhIQ7kNvgFP67QI&edm=AP_V10EBAAAA&ccb=7-5&oh=00_AYDjtVMp1LsFV6lsC8fO_mFKydhBIqWqK0pcK1JOPVY_mA&oe=667CB5B1&_nc_sid=2999b8","wendigo2007","https://www.instagram.com/p/C8AT4-mPpdn/","","2024-06-21T04:01:04.000Z"
"18083101720464613","0","https://scontent-atl3-2.cdninstagram.com/v/t51.2885-19/448347753_443918125089844_2753483961298043016_n.jpg?stp=dst-jpg_s150x150&_nc_ht=scontent-atl3-2.cdninstagram.com&_nc_cat=104&_nc_ohc=akYfcfh2doMQ7kNvgH3XIFN&edm=AP_V10EBAAAA&ccb=7-5&oh=00_AYCuFZ5CKHftAF4Nzcv927tWTTJVOM7cVIWykusVq5fqxg&oe=667CB1F8&_nc_sid=2999b8","ncaftpss_x","https://www.instagram.com/p/C8AT4-mPpdn/","You fgs should have put men's mental health month you child pred supporters","2024-06-21T04:23:13.000Z"
"18230185390286580","0","https://scontent-atl3-2.cdninstagram.com/v/t51.2885-19/439127647_301255613066495_2387344767005864020_n.jpg?stp=dst-jpg_s150x150&_nc_ht=scontent-atl3-2.cdninstagram.com&_nc_cat=111&_nc_ohc=fdIdHTQ03vUQ7kNvgHlSpvH&edm=AP_V10EBAAAA&ccb=7-5&oh=00_AYCFPKfODTIdrCBLQUZ6PyUcf_40-K1tnNf53YAy-akSxQ&oe=667CE26B&_nc_sid=2999b8","mts_418","https://www.instagram.com/p/C8AT4-mPpdn/","Can you guys go back to letting us keep our old clips without having to to save them","2024-06-21T04:47:57.000Z"
"17978378705566372","5","https://scontent-atl3-2.cdninstagram.com/v/t51.2885-19/333954493_156381520592920_2822602160258179255_n.jpg?stp=dst-jpg_s150x150&_nc_ht=scontent-atl3-2.cdninstagram.com&_nc_cat=104&_nc_ohc=yMIWwbF098MQ7kNvgFi8W8b&edm=AP_V10EBAAAA&ccb=7-5&oh=00_AYA8qm67qs4WuVx31pU_7TdnFQTSo4JQCOHzPV_tQ0mEpg&oe=667CC26F&_nc_sid=2999b8","its_whzly","https://www.instagram.com/p/C8AT4-mPpdn/","Major W this year XBOX is so back","2024-06-21T05:47:46.000Z"
"18026448914489687","0","https://scontent-atl3-2.cdninstagram.com/v/t51.2885-19/280517635_694266418457663_3177905884087771558_n.jpg?stp=dst-jpg_s150x150&_nc_ht=scontent-atl3-2.cdninstagram.com&_nc_cat=111&_nc_ohc=uocAOTJ4B-UQ7kNvgHfpJbO&edm=AP_V10EBAAAA&ccb=7-5&oh=00_AYD5clDDELC72fA5CvuPN_g0FJWA2QsnoiOma5oDUeFaFA&oe=667CB857&_nc_sid=2999b8","andreeliziario","https://www.instagram.com/p/C8AT4-mPpdn/","Provavelmente não vão ler mas escreverei  mesmo assim, eu brasileiro ainda tenho meu XBOX360 queria muito ter a oportunidade de comprar jogos que sempre estiveram bloqueados por região antes que tudo acabe 😔 como Perfect Dark, Daytona USA e Afterburner Climax pois fizeram parte da minha infância e queria tê-los será que existe uma chance deles aparecerem no marketplace @xbox ?","2024-06-21T06:36:16.000Z"
"17950932587692619","1","https://scontent-atl3-2.cdninstagram.com/v/t51.2885-19/448022844_317875491398101_6213071029902838407_n.jpg?stp=dst-jpg_s150x150&_nc_ht=scontent-atl3-2.cdninstagram.com&_nc_cat=101&_nc_ohc=YJJYdpb-EwUQ7kNvgEW7KWc&edm=AP_V10EBAAAA&ccb=7-5&oh=00_AYC73hztneaquucVxXR9jlJNhhmxpiT5n0fjQy1kmFn57w&oe=667CDFFA&_nc_sid=2999b8","fake_asianjeff7","https://www.instagram.com/p/C8AT4-mPpdn/","Xbox why why did you change your pfp 😭","2024-06-21T06:59:07.000Z"
"18243147055252413","2","https://scontent-atl3-1.cdninstagram.com/v/t51.2885-19/403895850_347138924674713_8045576632763118517_n.jpg?stp=dst-jpg_s150x150&_nc_ht=scontent-atl3-1.cdninstagram.com&_nc_cat=109&_nc_ohc=rS1a_kE6b60Q7kNvgH8M2Op&edm=AP_V10EBAAAA&ccb=7-5&oh=00_AYAVJGguWhZVQyDr3enf5Tm4pjoW5CwDMbJsAMxuXM8tFA&oe=667CE60E&_nc_sid=2999b8","quite_possibly_jaxon","https://www.instagram.com/p/C8AT4-mPpdn/","@industryflex ngl I ain't want 95% of those","2024-06-21T07:34:26.000Z"
"17999972348401990","0","https://scontent-atl3-1.cdninstagram.com/v/t51.2885-19/445575098_932830151976236_2416982782344942187_n.jpg?stp=dst-jpg_s150x150&_nc_ht=scontent-atl3-1.cdninstagram.com&_nc_cat=108&_nc_ohc=b3xbFSQrPoMQ7kNvgFXIjbO&edm=AP_V10EBAAAA&ccb=7-5&oh=00_AYAWQmq3zKhRpxjHkuLe505IyT6oediaAIx0LyGhc6T5vg&oe=667CE111&_nc_sid=2999b8","e7efo","https://www.instagram.com/p/C8AT4-mPpdn/","......","2024-06-21T10:38:05.000Z"
"17904011414989676","4","https://scontent-atl3-2.cdninstagram.com/v/t51.2885-19/279502283_1846178155773398_1752102908426991575_n.jpg?stp=dst-jpg_s150x150&_nc_ht=scontent-atl3-2.cdninstagram.com&_nc_cat=102&_nc_ohc=JKkaVtMv96EQ7kNvgFJjUFH&edm=AP_V10EBAAAA&ccb=7-5&oh=00_AYBQxKPku3XWxVoBj48sTLEpek2iabUVn256cpXvSMzH3w&oe=667CC76C&_nc_sid=2999b8","benedikt.goetz","https://www.instagram.com/p/C8AT4-mPpdn/","state of decay 3!!!! yeeees","2024-06-21T11:02:11.000Z"
"18007602695611022","0","https://scontent-atl3-2.cdninstagram.com/v/t51.2885-19/445389283_1366004660762441_2472430426612014169_n.jpg?stp=dst-jpg_s150x150&_nc_ht=scontent-atl3-2.cdninstagram.com&_nc_cat=105&_nc_ohc=10h_-RhSRcwQ7kNvgFxaT_M&edm=AP_V10EBAAAA&ccb=7-5&oh=00_AYAMh71WAu_mZfiY_MmoRzhFZbrmNJITF9bZFBtF0UP9Aw&oe=667CDA02&_nc_sid=2999b8","hunt.erp33","https://www.instagram.com/p/C8AT4-mPpdn/","What’s up xbxox","2024-06-21T12:06:44.000Z"
"18032372164880093","0","https://scontent-atl3-1.cdninstagram.com/v/t51.2885-19/448517275_349546861496958_2092195429553397734_n.jpg?stp=dst-jpg_s150x150&_nc_ht=scontent-atl3-1.cdninstagram.com&_nc_cat=106&_nc_ohc=OGzhLaEdgc0Q7kNvgEaFIoX&edm=AP_V10EBAAAA&ccb=7-5&oh=00_AYA4BknP76t0hMiLiA40QZGoyDgz3ScU_MYkOSFsoTnN4Q&oe=667CE88E&_nc_sid=2999b8","_gccz","https://www.instagram.com/p/C8AT4-mPpdn/","🏳️‍🌈🏳️‍⚧️👎🏻🐴","2024-06-21T12:53:46.000Z"
"18046424374768598","4","https://scontent-atl3-1.cdninstagram.com/v/t51.2885-19/446112817_427498130212075_8972319765170361257_n.jpg?stp=dst-jpg_s150x150&_nc_ht=scontent-atl3-1.cdninstagram.com&_nc_cat=107&_nc_ohc=VftRDvh8LmcQ7kNvgHvY0dq&edm=AP_V10EBAAAA&ccb=7-5&oh=00_AYCpzR7lYDVNWS4c5m92EWhHB494S7CJi0SAW-Mkh1bszw&oe=667CDEB5&_nc_sid=2999b8","flnalgirlenergy","https://www.instagram.com/p/C8AT4-mPpdn/","If only Indiana jones was on all consoles , like spiderman should be too - I left Xbox for PS in 2017 so I’m not bias , I want us all to get these games.","2024-06-21T15:54:18.000Z"
"18443408116009265","1","https://scontent-atl3-1.cdninstagram.com/v/t51.2885-19/441320065_1161014768476882_4862858424438173189_n.jpg?stp=dst-jpg_s150x150&_nc_ht=scontent-atl3-1.cdninstagram.com&_nc_cat=110&_nc_ohc=lbONdPch5AIQ7kNvgGRjyN4&edm=AP_V10EBAAAA&ccb=7-5&oh=00_AYCDPKxnQMk3YnafkJE0E0iSvDemfJE73fefrACE1kGt4A&oe=667CE417&_nc_sid=2999b8","swimingpls","https://www.instagram.com/p/C8AT4-mPpdn/","xbox cooked","2024-06-21T15:59:35.000Z"
"18234608899280259","0","https://scontent-atl3-1.cdninstagram.com/v/t51.2885-19/396463555_685718910191059_8646321222191947918_n.jpg?stp=dst-jpg_s150x150&_nc_ht=scontent-atl3-1.cdninstagram.com&_nc_cat=107&_nc_ohc=Dh6NW8x8CCMQ7kNvgHiiU0P&edm=AP_V10EBAAAA&ccb=7-5&oh=00_AYDsfvtaqJOxNHVCux7rEL9Xk5UPtLVnQsIwsEjigXNQ2g&oe=667CDD55&_nc_sid=2999b8","hiimelijahramirez","https://www.instagram.com/p/C8AT4-mPpdn/","I like xbox but this dumb pride shi Is making me wany yo switch to Playstation","2024-06-21T16:06:35.000Z"
"18034484368950831","5","https://scontent-atl3-1.cdninstagram.com/v/t51.2885-19/341200104_9800542116629943_1632297058984735976_n.jpg?stp=dst-jpg_s150x150&_nc_ht=scontent-atl3-1.cdninstagram.com&_nc_cat=103&_nc_ohc=08tlx8f2NNYQ7kNvgFzyByt&edm=AP_V10EBAAAA&ccb=7-5&oh=00_AYD4MPRPy9aDSB_-KEyDLctJh2-6pPCTPexqD2H_9iemAA&oe=667CBC06&_nc_sid=2999b8","funky_adhd","https://www.instagram.com/p/C8AT4-mPpdn/","Still waiting on Elder Scrolls VI","2024-06-21T18:32:25.000Z"
"18044634334840980","0","https://scontent-atl3-1.cdninstagram.com/v/t51.2885-19/444740756_817627653125720_6292049332678428650_n.jpg?stp=dst-jpg_s150x150&_nc_ht=scontent-atl3-1.cdninstagram.com&_nc_cat=108&_nc_ohc=--BLbkNEd6oQ7kNvgH3sa5Z&edm=AP_V10EBAAAA&ccb=7-5&oh=00_AYB7iVuSda_aI7qwpuS1yOS-716eT6-BVIkkeZkAUh8Yqw&oe=667CD8B6&_nc_sid=2999b8","itz_rebinm","https://www.instagram.com/p/C8AT4-mPpdn/","2024 is xbox year💚","2024-06-21T19:56:09.000Z"
"18343623574188823","1","https://scontent-atl3-2.cdninstagram.com/v/t51.2885-19/436130122_782076477181529_6419841549432655235_n.jpg?stp=dst-jpg_s150x150&_nc_ht=scontent-atl3-2.cdninstagram.com&_nc_cat=105&_nc_ohc=chj-OSFNUUoQ7kNvgEkPoxc&edm=AP_V10EBAAAA&ccb=7-5&oh=00_AYAYqlcy1nnbaXhh5_88NEo_-Si1rl_OtjyARwr4pW5L3w&oe=667CD79A&_nc_sid=2999b8","fwtx_rodriguez817","https://www.instagram.com/p/C8AT4-mPpdn/","","2024-06-21T20:33:28.000Z"
"18039118753917503","0","https://instagram.fmrd1-1.fna.fbcdn.net/v/t51.2885-19/44884218_345707102882519_2446069589734326272_n.jpg?_nc_ht=instagram.fmrd1-1.fna.fbcdn.net&_nc_cat=1&_nc_ohc=BIOQqceki-IQ7kNvgFr2Rra&edm=AKr9bWQBAAAA&ccb=7-5&ig_cache_key=YW5vbnltb3VzX3Byb2ZpbGVfcGlj.2-ccb7-5&oh=00_AYD3LFS1bSYpBYtuDPY2FT_GYXSiqGWROXaX3QH6oqGD7w&oe=667CCB0F&_nc_sid=19f977","i_hotboiandi715","https://www.instagram.com/p/C8AT4-mPpdn/","@1lazyeyed_kat hmu","2024-06-21T20:45:06.000Z"
"17947620704812098","0","https://instagram.fmrd1-1.fna.fbcdn.net/v/t51.2885-19/44884218_345707102882519_2446069589734326272_n.jpg?_nc_ht=instagram.fmrd1-1.fna.fbcdn.net&_nc_cat=1&_nc_ohc=BIOQqceki-IQ7kNvgFr2Rra&edm=AKr9bWQBAAAA&ccb=7-5&ig_cache_key=YW5vbnltb3VzX3Byb2ZpbGVfcGlj.2-ccb7-5&oh=00_AYD3LFS1bSYpBYtuDPY2FT_GYXSiqGWROXaX3QH6oqGD7w&oe=667CCB0F&_nc_sid=19f977","i_hotboiandi715","https://www.instagram.com/p/C8AT4-mPpdn/","@carlitosfire10 hola hmu","2024-06-21T20:45:43.000Z"
"17996724041633888","0","https://instagram.fmrd1-1.fna.fbcdn.net/v/t51.2885-19/44884218_345707102882519_2446069589734326272_n.jpg?_nc_ht=instagram.fmrd1-1.fna.fbcdn.net&_nc_cat=1&_nc_ohc=BIOQqceki-IQ7kNvgFr2Rra&edm=AKr9bWQBAAAA&ccb=7-5&ig_cache_key=YW5vbnltb3VzX3Byb2ZpbGVfcGlj.2-ccb7-5&oh=00_AYD3LFS1bSYpBYtuDPY2FT_GYXSiqGWROXaX3QH6oqGD7w&oe=667CCB0F&_nc_sid=19f977","i_hotboiandi715","https://www.instagram.com/p/C8AT4-mPpdn/","@landokiosk hmu 🤙","2024-06-21T20:45:59.000Z"
"17928561320874610","3","https://scontent-atl3-2.cdninstagram.com/v/t51.2885-19/302992348_467023015290400_6034782982423004900_n.jpg?stp=dst-jpg_s150x150&_nc_ht=scontent-atl3-2.cdninstagram.com&_nc_cat=104&_nc_ohc=M9XRN1fwb70Q7kNvgHjERG_&edm=AP_V10EBAAAA&ccb=7-5&oh=00_AYA1TkbUTEcg3DMHOdYACfhufqfIHDgaKcumVD4Pv6E0oQ&oe=667CB58C&_nc_sid=2999b8","danieldavis989","https://www.instagram.com/p/C8AT4-mPpdn/","Wow, isn't it crazy the amount of exclusives you can have if you just buy everybody","2024-06-21T20:46:39.000Z"
"18027293384153478","2","https://scontent-atl3-1.cdninstagram.com/v/t51.2885-19/448469550_2802080056611267_7915968866270959977_n.jpg?stp=dst-jpg_s150x150&_nc_ht=scontent-atl3-1.cdninstagram.com&_nc_cat=103&_nc_ohc=tJE_qiCh1cwQ7kNvgHX69BE&edm=AP_V10EBAAAA&ccb=7-5&oh=00_AYD1neORZssgNkNs6lJzD8CSUQjTHii734u6bz6b1Ie4ZQ&oe=667CB62E&_nc_sid=2999b8","guillen.04r","https://www.instagram.com/p/C8AT4-mPpdn/","","2024-06-21T21:32:03.000Z"
"17999046779404980","0","https://instagram.fmrd1-1.fna.fbcdn.net/v/t51.2885-19/44884218_345707102882519_2446069589734326272_n.jpg?_nc_ht=instagram.fmrd1-1.fna.fbcdn.net&_nc_cat=1&_nc_ohc=BIOQqceki-IQ7kNvgFr2Rra&edm=AKr9bWQBAAAA&ccb=7-5&ig_cache_key=YW5vbnltb3VzX3Byb2ZpbGVfcGlj.2-ccb7-5&oh=00_AYD3LFS1bSYpBYtuDPY2FT_GYXSiqGWROXaX3QH6oqGD7w&oe=667CCB0F&_nc_sid=19f977","semih_dk02","https://www.instagram.com/p/C8AT4-mPpdn/","Marvel spider-mam pleasee😢😢","2024-06-21T21:42:29.000Z"
"18101690782424599","0","https://scontent-atl3-2.cdninstagram.com/v/t51.2885-19/447923398_833174558723453_2912664047302637597_n.jpg?stp=dst-jpg_s150x150&_nc_ht=scontent-atl3-2.cdninstagram.com&_nc_cat=105&_nc_ohc=KGmf3kPtYoQQ7kNvgEfLXty&edm=AP_V10EBAAAA&ccb=7-5&oh=00_AYAR4_ojyPz0NKDhMUd2yYZvXLXAFHNoPtP5-MwGotRiBw&oe=667CB96D&_nc_sid=2999b8","aye_aye_vlad","https://www.instagram.com/p/C8AT4-mPpdn/","Xbox you nailed it. Now I need to get my series X. You deserve my cash 💸","2024-06-21T21:48:41.000Z"
"18131641732343092","1","https://scontent-atl3-1.cdninstagram.com/v/t51.2885-19/448487347_1545795549352696_350292628004052479_n.jpg?stp=dst-jpg_s150x150&_nc_ht=scontent-atl3-1.cdninstagram.com&_nc_cat=1&_nc_ohc=2AYxFeBJAhAQ7kNvgFLaqPc&edm=AP_V10EBAAAA&ccb=7-5&oh=00_AYAthcZw7rWK_ut04FI7XM_ewGpbTHIJiUXqELaOCy69wQ&oe=667CCCAA&_nc_sid=2999b8","xbox","https://www.instagram.com/p/C8AT4-mPpdn/","@swimingpls LOOK AT THEM GAMES.","2024-06-21T22:23:51.000Z"
"17856984960193797","0","https://scontent-atl3-1.cdninstagram.com/v/t51.2885-19/448487347_1545795549352696_350292628004052479_n.jpg?stp=dst-jpg_s150x150&_nc_ht=scontent-atl3-1.cdninstagram.com&_nc_cat=1&_nc_ohc=2AYxFeBJAhAQ7kNvgFLaqPc&edm=AP_V10EBAAAA&ccb=7-5&oh=00_AYAthcZw7rWK_ut04FI7XM_ewGpbTHIJiUXqELaOCy69wQ&oe=667CCCAA&_nc_sid=2999b8","xbox","https://www.instagram.com/p/C8AT4-mPpdn/","@retrogaming1991 We are so very very VERY excited.","2024-06-21T22:33:22.000Z"
"17874516063053762","0","https://scontent-atl3-1.cdninstagram.com/v/t51.2885-19/448487347_1545795549352696_350292628004052479_n.jpg?stp=dst-jpg_s150x150&_nc_ht=scontent-atl3-1.cdninstagram.com&_nc_cat=1&_nc_ohc=2AYxFeBJAhAQ7kNvgFLaqPc&edm=AP_V10EBAAAA&ccb=7-5&oh=00_AYAthcZw7rWK_ut04FI7XM_ewGpbTHIJiUXqELaOCy69wQ&oe=667CCCAA&_nc_sid=2999b8","xbox","https://www.instagram.com/p/C8AT4-mPpdn/","@richard.drives Honestly? Yes 😎","2024-06-21T22:35:26.000Z"
"17950979876800087","1","https://scontent-atl3-2.cdninstagram.com/v/t51.2885-19/431694701_776278007304938_9076101592738208797_n.jpg?stp=dst-jpg_s150x150&_nc_ht=scontent-atl3-2.cdninstagram.com&_nc_cat=102&_nc_ohc=yeU_-vzfFGwQ7kNvgELIqwu&edm=AP_V10EBAAAA&ccb=7-5&oh=00_AYBq19ySQ3qwlcIfUgsuL-yYTTczgENGwRr4aKZgkB0I1w&oe=667CCFC1&_nc_sid=2999b8","mr.rogersneighborrhood","https://www.instagram.com/p/C8AT4-mPpdn/","Where's Jet Set Radio?","2024-06-21T23:36:45.000Z"
"17869052049129570","0","https://scontent-atl3-2.cdninstagram.com/v/t51.2885-19/425293549_766055795379937_8754905812044094854_n.jpg?stp=dst-jpg_s150x150&_nc_ht=scontent-atl3-2.cdninstagram.com&_nc_cat=101&_nc_ohc=_MPATp6OBgsQ7kNvgFesGu3&edm=AP_V10EBAAAA&ccb=7-5&oh=00_AYC6h1UtexVyGwnDH65UD39tBKAVteHjYAKkOTX-8FuycA&oe=667CBA63&_nc_sid=2999b8","pd__pradum777","https://www.instagram.com/p/C8AT4-mPpdn/","Cricket 24 ?","2024-06-22T05:19:52.000Z"
"18025163534274730","0","https://scontent-atl3-1.cdninstagram.com/v/t51.2885-19/443818721_1507428653459674_5547045493003594529_n.jpg?stp=dst-jpg_s150x150&_nc_ht=scontent-atl3-1.cdninstagram.com&_nc_cat=110&_nc_ohc=pO28WmuWNjkQ7kNvgH4m5RW&edm=AP_V10EBAAAA&ccb=7-5&oh=00_AYD-TxleIk_Jdh9XAxpRZmluMlliUHH7560VVzrVXIldGQ&oe=667CC8BE&_nc_sid=2999b8","zucatii","https://www.instagram.com/p/C8AT4-mPpdn/","@hiimelijahramirez imagine spending 500 beans because of a picture 😂😂😂😂","2024-06-22T06:53:26.000Z"
"17866474848146147","0","https://instagram.fmrd1-1.fna.fbcdn.net/v/t51.2885-19/44884218_345707102882519_2446069589734326272_n.jpg?_nc_ht=instagram.fmrd1-1.fna.fbcdn.net&_nc_cat=1&_nc_ohc=BIOQqceki-IQ7kNvgFr2Rra&edm=AKr9bWQBAAAA&ccb=7-5&ig_cache_key=YW5vbnltb3VzX3Byb2ZpbGVfcGlj.2-ccb7-5&oh=00_AYD3LFS1bSYpBYtuDPY2FT_GYXSiqGWROXaX3QH6oqGD7w&oe=667CCB0F&_nc_sid=19f977","theuz07.xxp","https://www.instagram.com/p/C8AT4-mPpdn/","da uma promoçãozinha mês que vem no Hogwarts legacy mês que vem","2024-06-22T07:12:45.000Z"
"18029539943285167","0","https://scontent-atl3-2.cdninstagram.com/v/t51.2885-19/429695235_1568585217211247_6774215633929644741_n.jpg?stp=dst-jpg_s150x150&_nc_ht=scontent-atl3-2.cdninstagram.com&_nc_cat=111&_nc_ohc=-J5-kdIkSv8Q7kNvgF38OAs&edm=AP_V10EBAAAA&ccb=7-5&oh=00_AYCblsx-p20Cbi4WjNGyVjo6tJYnH8lSTfp-tG7V4WAvvg&oe=667CBAF2&_nc_sid=2999b8","marcushauser23","https://www.instagram.com/p/C8AT4-mPpdn/","eveeybody was cooking this year. ESPECIALLY the coalition","2024-06-22T10:26:41.000Z"
"18034569079988879","0","https://scontent-atl3-2.cdninstagram.com/v/t51.2885-19/420038027_930705911793374_4245474415830559238_n.jpg?stp=dst-jpg_s150x150&_nc_ht=scontent-atl3-2.cdninstagram.com&_nc_cat=102&_nc_ohc=g-gQfHa75rQQ7kNvgH7pLVU&edm=AP_V10EBAAAA&ccb=7-5&oh=00_AYACZVaSIP2eGFjStg-XOTIhHCJ_N2Neq3hU7516rUT7Rg&oe=667CDDD0&_nc_sid=2999b8","cowboylou55","https://www.instagram.com/p/C8AT4-mPpdn/","Change the logo back","2024-06-22T13:42:49.000Z"
"18068055535547342","0","https://scontent-atl3-2.cdninstagram.com/v/t51.2885-19/436855542_1073285373758041_3395495013662896677_n.jpg?stp=dst-jpg_s150x150&_nc_ht=scontent-atl3-2.cdninstagram.com&_nc_cat=101&_nc_ohc=vFxCmrcWO7kQ7kNvgEqI1cn&edm=AP_V10EBAAAA&ccb=7-5&oh=00_AYCQuNJApmeABuhCZV1xazrSB4v5Hr30_xyPgrZJ3mlriQ&oe=667CBBFC&_nc_sid=2999b8","dasoggysloth","https://www.instagram.com/p/C8AT4-mPpdn/","Where's he's","2024-06-22T13:53:11.000Z"
"18072738724516099","0","https://scontent-atl3-1.cdninstagram.com/v/t51.2885-19/293956417_582342146607795_360423271576253445_n.jpg?stp=dst-jpg_s150x150&_nc_ht=scontent-atl3-1.cdninstagram.com&_nc_cat=103&_nc_ohc=uyoWCtYseeYQ7kNvgGrYV0a&edm=AP_V10EBAAAA&ccb=7-5&oh=00_AYCLGeQKviZ9lueWxAzBR2RAzN14Lss2kpCRzs2roC4n4g&oe=667CE916&_nc_sid=2999b8","alibhai_456","https://www.instagram.com/p/C8AT4-mPpdn/","Xbox… why? I thought we trusted you… why did you betray us?","2024-06-22T14:32:32.000Z"
"17988340118659686","0","https://scontent-atl3-1.cdninstagram.com/v/t51.2885-19/448566602_987738052623096_466889620927757593_n.jpg?stp=dst-jpg_s150x150&_nc_ht=scontent-atl3-1.cdninstagram.com&_nc_cat=100&_nc_ohc=Cb4HNHh5C7EQ7kNvgEleH9n&edm=AP_V10EBAAAA&ccb=7-5&oh=00_AYDjRxkwfPho34nqFojWLA7It3l5Fhr1d2_EriG-885D-Q&oe=667CB57E&_nc_sid=2999b8","j.b.vaofficial","https://www.instagram.com/p/C8AT4-mPpdn/","Gears of War E-day, because I want to see the return of different weapons like sawed off shotgun, breechshot, markza, boosha, tripwire crossbow & dropshot","2024-06-22T14:40:21.000Z"
"17945519732713045","0","https://scontent-atl3-2.cdninstagram.com/v/t51.2885-19/383155952_697313171844472_4127665677590639958_n.jpg?stp=dst-jpg_s150x150&_nc_ht=scontent-atl3-2.cdninstagram.com&_nc_cat=104&_nc_ohc=kfp8l2s0mLYQ7kNvgEim-OA&edm=AP_V10EBAAAA&ccb=7-5&oh=00_AYDztFlXpyuLXfAxAnNa_ioOe5euS7A5qg_2aNHkC--bSw&oe=667CB69F&_nc_sid=2999b8","ddantee_0","https://www.instagram.com/p/C8AT4-mPpdn/","no skong...","2024-06-22T15:05:53.000Z"
"18022588538193893","0","https://scontent-atl3-2.cdninstagram.com/v/t51.2885-19/440856368_8071437359573045_6574741616979723440_n.jpg?stp=dst-jpg_s150x150&_nc_ht=scontent-atl3-2.cdninstagram.com&_nc_cat=105&_nc_ohc=LW--t5ev0VIQ7kNvgEvQEqB&edm=AP_V10EBAAAA&ccb=7-5&oh=00_AYA5Z2XWdyMRfYF_uIGlvy3UwccbOPFUrATeCfPdQjxByQ&oe=667CDCF2&_nc_sid=2999b8","markzeddy","https://www.instagram.com/p/C8AT4-mPpdn/","Metal Gear","2024-06-22T15:41:14.000Z"
"17928561152875974","0","https://scontent-atl3-1.cdninstagram.com/v/t51.2885-19/257179278_278064097601112_249541616239768057_n.jpg?stp=dst-jpg_s150x150&_nc_ht=scontent-atl3-1.cdninstagram.com&_nc_cat=100&_nc_ohc=cn-MwsO2d6QQ7kNvgFUJ0kW&edm=AP_V10EBAAAA&ccb=7-5&oh=00_AYAoEeVF5bs_NWrHt8SSv7DpghSGXH-sKnNdXt-EvW0vgg&oe=667CBF20&_nc_sid=2999b8","brawl2n","https://www.instagram.com/p/C8AT4-mPpdn/","Xbox ❌ , Gaybox ✔️","2024-06-22T16:01:49.000Z"
"17958415253784672","0","https://scontent-atl3-2.cdninstagram.com/v/t51.2885-19/444681441_1163006764839119_199307014970293990_n.jpg?stp=dst-jpg_s150x150&_nc_ht=scontent-atl3-2.cdninstagram.com&_nc_cat=111&_nc_ohc=e3RDUSwIAMIQ7kNvgF0jROx&edm=AP_V10EBAAAA&ccb=7-5&oh=00_AYCYm9_qMdMnB9kMX9qiRakrHp5I_GYw2f-2ZKhUAQjR4g&oe=667CC43B&_nc_sid=2999b8","younghrtbeat","https://www.instagram.com/p/C8AT4-mPpdn/","Pfp😔","2024-06-22T16:07:22.000Z"
"18062052232596735","0","https://scontent-atl3-2.cdninstagram.com/v/t51.2885-19/448129824_1905731916596462_8746037735227575370_n.jpg?stp=dst-jpg_s150x150&_nc_ht=scontent-atl3-2.cdninstagram.com&_nc_cat=102&_nc_ohc=pQQUKHhxYmIQ7kNvgGB6rW5&edm=AP_V10EBAAAA&ccb=7-5&oh=00_AYAZB2EmOpsh0rVMlYF1S-xckAQYc5xyGFRVWWbdNOftcA&oe=667CD876&_nc_sid=2999b8","kh.s.mmm","https://www.instagram.com/p/C8AT4-mPpdn/","GAYBOX","2024-06-22T16:21:44.000Z"
